>>>FRED BASE IRRAD  1.15741E+00 d  1.15741E-02 d    2 guilty:sigfz     
>>>FRED BASE IRRAD  2.31481E+00 d  1.15741E-02 d    2 guilty:sigfz     
>>>FRED BASE IRRAD  3.47222E+00 d  1.15741E-02 d    2 guilty:sigfz     
>>>FRED BASE IRRAD  4.62963E+00 d  1.15741E-02 d    2 guilty:sigfz     
>>>FRED BASE IRRAD  5.78704E+00 d  1.15741E-02 d    2 guilty:sigfz     
>>>FRED BASE IRRAD  6.94444E+00 d  1.15741E-02 d    4 guilty:sigfh     
>>>FRED BASE IRRAD  8.10185E+00 d  1.15741E-02 d    5 guilty:sigfz     
>>>FRED BASE IRRAD  9.25926E+00 d  1.15741E-02 d    5 guilty:sigfz     
>>>FRED BASE IRRAD  1.04167E+01 d  1.15741E-02 d    5 guilty:sigfh     
>>>FRED BASE IRRAD  1.15741E+01 d  1.15741E-02 d    5 guilty:sigfz     
>>>FRED BASE IRRAD  1.27315E+01 d  1.15741E-02 d    4 guilty:sigfh     
>>>FRED BASE IRRAD  1.38889E+01 d  1.15741E-02 d    4 guilty:sigfh     
>>>FRED BASE IRRAD  1.50463E+01 d  1.15741E-02 d    4 guilty:sigfh     
>>>FRED BASE IRRAD  1.62037E+01 d  1.15741E-02 d    5 guilty:sigfh     
>>>FRED BASE IRRAD  1.73611E+01 d  1.15741E-02 d    5 guilty:sigfz     
>>>FRED BASE IRRAD  1.85185E+01 d  1.15741E-02 d    5 guilty:sigfz     
>>>FRED BASE IRRAD  1.96759E+01 d  1.15741E-02 d    4 guilty:sigfz     
>>>FRED BASE IRRAD  2.08333E+01 d  1.15741E-02 d    5 guilty:sigfz     
>>>FRED BASE IRRAD  2.19907E+01 d  1.15741E-02 d    4 guilty:sigfz     
>>>FRED BASE IRRAD  2.31481E+01 d  1.15741E-02 d    4 guilty:sigfz     
>>>FRED BASE IRRAD  2.43056E+01 d  1.15741E-02 d    4 guilty:sigfh     
>>>FRED BASE IRRAD  2.54630E+01 d  1.15741E-02 d    4 guilty:sigfh     
>>>FRED BASE IRRAD  2.66204E+01 d  1.15741E-02 d    4 guilty:sigfz     
>>>FRED BASE IRRAD  2.77778E+01 d  1.15741E-02 d    4 guilty:sigfh     
>>>FRED BASE IRRAD  2.89352E+01 d  1.15741E-02 d    5 guilty:sigfh     
>>>FRED BASE IRRAD  3.00926E+01 d  1.15741E-02 d    5 guilty:sigfh     
>>>FRED BASE IRRAD  3.12500E+01 d  1.15741E-02 d    5 guilty:sigfh     
>>>FRED BASE IRRAD  3.24074E+01 d  1.15741E-02 d    5 guilty:sigfh     
>>>FRED BASE IRRAD  3.35648E+01 d  1.15741E-02 d    5 guilty:sigfz     
>>>FRED BASE IRRAD  3.47222E+01 d  1.15741E-02 d    4 guilty:sigfh     
>>>FRED BASE IRRAD  3.58796E+01 d  1.15741E-02 d    5 guilty:sigfz     
>>>FRED BASE IRRAD  3.70370E+01 d  1.15741E-02 d    5 guilty:sigfz     
>>>FRED BASE IRRAD  3.81944E+01 d  1.15741E-02 d    5 guilty:sigfh     
>>>FRED BASE IRRAD  3.93519E+01 d  1.15741E-02 d    5 guilty:sigfz     
>>>FRED BASE IRRAD  4.05093E+01 d  1.15741E-02 d    4 guilty:sigfh     
>>>FRED BASE IRRAD  4.16667E+01 d  1.15741E-02 d    4 guilty:sigfh     
>>>FRED BASE IRRAD  4.28241E+01 d  1.15741E-02 d    5 guilty:sigfh     
>>>FRED BASE IRRAD  4.39815E+01 d  1.15741E-02 d    5 guilty:sigfz     
>>>FRED BASE IRRAD  4.51389E+01 d  1.15741E-02 d    4 guilty:sigfh     
>>>FRED BASE IRRAD  4.62963E+01 d  1.15741E-02 d    4 guilty:sigfh     
>>>FRED BASE IRRAD  4.74537E+01 d  1.15741E-02 d    5 guilty:sigfz     
>>>FRED BASE IRRAD  4.86111E+01 d  1.15741E-02 d    5 guilty:sigfh     
>>>FRED BASE IRRAD  4.97685E+01 d  1.15741E-02 d    4 guilty:sigfh     
>>>FRED BASE IRRAD  5.09259E+01 d  1.15741E-02 d    5 guilty:sigfz     
>>>FRED BASE IRRAD  5.20833E+01 d  1.15741E-02 d    5 guilty:sigfz     
>>>FRED BASE IRRAD  5.32407E+01 d  1.15741E-02 d    5 guilty:sigfh     
>>>FRED BASE IRRAD  5.43981E+01 d  1.15741E-02 d    4 guilty:sigfz     
>>>FRED BASE IRRAD  5.55556E+01 d  1.15741E-02 d    5 guilty:sigfz     
>>>FRED BASE IRRAD  5.67130E+01 d  1.15741E-02 d    5 guilty:sigfh     
>>>FRED BASE IRRAD  5.78704E+01 d  1.15741E-02 d    4 guilty:sigfh     
>>>FRED BASE IRRAD  5.90278E+01 d  1.15741E-02 d    4 guilty:sigfz     
>>>FRED BASE IRRAD  6.01852E+01 d  1.15741E-02 d    5 guilty:sigfz     
>>>FRED BASE IRRAD  6.13426E+01 d  1.15741E-02 d    5 guilty:sigh      
>>>FRED BASE IRRAD  6.25000E+01 d  1.15741E-02 d    6 guilty:sigz      
>>>FRED BASE IRRAD  6.36574E+01 d  1.15741E-02 d    5 guilty:sigz      
>>>FRED BASE IRRAD  6.48148E+01 d  1.15741E-02 d    6 guilty:sigz      
>>>FRED BASE IRRAD  6.59722E+01 d  1.15741E-02 d    5 guilty:sigz      
>>>FRED BASE IRRAD  6.71296E+01 d  1.15741E-02 d    5 guilty:sigz      
>>>FRED BASE IRRAD  6.82870E+01 d  1.15741E-02 d    5 guilty:sigz      
>>>FRED BASE IRRAD  6.94444E+01 d  1.15741E-02 d    5 guilty:sigfz     
>>>FRED BASE IRRAD  7.06019E+01 d  1.15741E-02 d    5 guilty:sigz      
>>>FRED BASE IRRAD  7.17593E+01 d  1.15741E-02 d    6 guilty:sigz      
>>>FRED BASE IRRAD  7.29167E+01 d  1.15741E-02 d    6 guilty:sigz      
>>>FRED BASE IRRAD  7.40741E+01 d  1.15741E-02 d    5 guilty:sigz      
>>>FRED BASE IRRAD  7.52315E+01 d  1.15741E-02 d    6 guilty:sigz      
>>>FRED BASE IRRAD  7.63889E+01 d  1.15741E-02 d    6 guilty:sigz      
>>>FRED BASE IRRAD  7.75463E+01 d  1.15741E-02 d    5 guilty:sigz      
>>>FRED BASE IRRAD  7.87037E+01 d  1.15741E-02 d    6 guilty:sigz      
>>>FRED BASE IRRAD  7.98611E+01 d  1.15741E-02 d    5 guilty:sigz      
>>>FRED BASE IRRAD  8.10185E+01 d  1.15741E-02 d    7 guilty:sigz      
>>>FRED BASE IRRAD  8.21759E+01 d  1.15741E-02 d    6 guilty:sigz      
>>>FRED BASE IRRAD  8.33333E+01 d  1.15741E-02 d    5 guilty:sigz      
>>>FRED BASE IRRAD  8.44907E+01 d  1.15741E-02 d    5 guilty:sigz      
>>>FRED BASE IRRAD  8.56481E+01 d  1.15741E-02 d    5 guilty:sigz      
>>>FRED BASE IRRAD  8.68056E+01 d  1.15741E-02 d    6 guilty:sigz      
>>>FRED BASE IRRAD  8.79630E+01 d  1.15741E-02 d    7 guilty:sigfh     
>>>FRED BASE IRRAD  8.91204E+01 d  1.15741E-02 d    6 guilty:sigz      
>>>FRED BASE IRRAD  9.02778E+01 d  1.15741E-02 d    6 guilty:sigfh     
>>>FRED BASE IRRAD  9.14352E+01 d  1.15741E-02 d    5 guilty:sigz      
>>>FRED BASE IRRAD  9.25926E+01 d  1.15741E-02 d    6 guilty:sigz      
>>>FRED BASE IRRAD  9.37500E+01 d  1.15741E-02 d    7 guilty:sigfz     
>>>FRED BASE IRRAD  9.49074E+01 d  1.15741E-02 d    5 guilty:sigz      
>>>FRED BASE IRRAD  9.60648E+01 d  1.15741E-02 d    5 guilty:sigz      
>>>FRED BASE IRRAD  9.72222E+01 d  1.15741E-02 d    6 guilty:sigz      
>>>FRED BASE IRRAD  9.83796E+01 d  1.15741E-02 d    5 guilty:sigz      
>>>FRED BASE IRRAD  9.95370E+01 d  1.15741E-02 d    5 guilty:sigz      
>>>FRED BASE IRRAD  1.00694E+02 d  1.15741E-02 d    7 guilty:sigz      
>>>FRED BASE IRRAD  1.01852E+02 d  1.15741E-02 d    6 guilty:sigz      
>>>FRED BASE IRRAD  1.03009E+02 d  1.15741E-02 d    7 guilty:sigz      
>>>FRED BASE IRRAD  1.04167E+02 d  1.15741E-02 d    6 guilty:sigz      
>>>FRED BASE IRRAD  1.05324E+02 d  1.15741E-02 d    6 guilty:sigz      
>>>FRED BASE IRRAD  1.06481E+02 d  1.15741E-02 d    6 guilty:sigz      
>>>FRED BASE IRRAD  1.07639E+02 d  1.15741E-02 d    6 guilty:sigz      
>>>FRED BASE IRRAD  1.08796E+02 d  1.15741E-02 d    5 guilty:sigz      
>>>FRED BASE IRRAD  1.09954E+02 d  1.15741E-02 d    6 guilty:sigz      
>>>FRED BASE IRRAD  1.11111E+02 d  1.15741E-02 d    5 guilty:sigz      
>>>FRED BASE IRRAD  1.12269E+02 d  1.15741E-02 d    6 guilty:sigz      
>>>FRED BASE IRRAD  1.13426E+02 d  1.15741E-02 d    6 guilty:sigz      
>>>FRED BASE IRRAD  1.14583E+02 d  1.15741E-02 d    6 guilty:sigz      
>>>FRED BASE IRRAD  1.15741E+02 d  1.15741E-02 d    5 guilty:sigz      
>>>FRED BASE IRRAD  1.16898E+02 d  1.15741E-02 d    5 guilty:sigz      
>>>FRED BASE IRRAD  1.18056E+02 d  1.15741E-02 d    6 guilty:sigz      
>>>FRED BASE IRRAD  1.19213E+02 d  1.15741E-02 d    6 guilty:sigz      
>>>FRED BASE IRRAD  1.20370E+02 d  1.15741E-02 d    5 guilty:sigz      
>>>FRED BASE IRRAD  1.21528E+02 d  1.15741E-02 d    6 guilty:sigfh     
>>>FRED BASE IRRAD  1.22685E+02 d  1.15741E-02 d    6 guilty:sigz      
>>>FRED BASE IRRAD  1.23843E+02 d  1.15741E-02 d    6 guilty:sigz      
>>>FRED BASE IRRAD  1.25000E+02 d  1.15741E-02 d    6 guilty:sigz      
>>>FRED BASE IRRAD  1.26157E+02 d  1.15741E-02 d    6 guilty:sigz      
>>>FRED BASE IRRAD  1.27315E+02 d  1.15741E-02 d    7 guilty:sigz      
>>>FRED BASE IRRAD  1.28472E+02 d  1.15741E-02 d    6 guilty:sigz      
>>>FRED BASE IRRAD  1.29630E+02 d  1.15741E-02 d    6 guilty:sigz      
>>>FRED BASE IRRAD  1.30787E+02 d  1.15741E-02 d    5 guilty:sigz      
>>>FRED BASE IRRAD  1.31944E+02 d  1.15741E-02 d    5 guilty:sigz      
>>>FRED BASE IRRAD  1.33102E+02 d  1.15741E-02 d    5 guilty:sigz      
>>>FRED BASE IRRAD  1.34259E+02 d  1.15741E-02 d    5 guilty:sigz      
>>>FRED BASE IRRAD  1.35417E+02 d  1.15741E-02 d    6 guilty:sigz      
>>>FRED BASE IRRAD  1.36574E+02 d  1.15741E-02 d    6 guilty:sigz      
>>>FRED BASE IRRAD  1.37731E+02 d  1.15741E-02 d    6 guilty:sigz      
>>>FRED BASE IRRAD  1.38889E+02 d  1.15741E-02 d    7 guilty:sigfh     
>>>FRED BASE IRRAD  1.40046E+02 d  1.15741E-02 d    6 guilty:sigz      
>>>FRED BASE IRRAD  1.41204E+02 d  1.15741E-02 d    6 guilty:sigz      
>>>FRED BASE IRRAD  1.42361E+02 d  1.15741E-02 d    6 guilty:sigz      
>>>FRED BASE IRRAD  1.43519E+02 d  1.15741E-02 d    6 guilty:sigz      
>>>FRED BASE IRRAD  1.44676E+02 d  1.15741E-02 d    6 guilty:sigz      
>>>FRED BASE IRRAD  1.45833E+02 d  1.15741E-02 d    6 guilty:sigz      
>>>FRED BASE IRRAD  1.46991E+02 d  1.15741E-02 d    5 guilty:sigz      
>>>FRED BASE IRRAD  1.48148E+02 d  1.15741E-02 d    6 guilty:sigz      
>>>FRED BASE IRRAD  1.49306E+02 d  1.15741E-02 d    6 guilty:sigz      
>>>FRED BASE IRRAD  1.50463E+02 d  1.15741E-02 d    6 guilty:sigz      
>>>FRED BASE IRRAD  1.51620E+02 d  1.15741E-02 d    6 guilty:sigz      
>>>FRED BASE IRRAD  1.52778E+02 d  1.15741E-02 d    7 guilty:sigz      
>>>FRED BASE IRRAD  1.53935E+02 d  1.15741E-02 d    6 guilty:sigz      
>>>FRED BASE IRRAD  1.55093E+02 d  1.15741E-02 d    6 guilty:sigz      
>>>FRED BASE IRRAD  1.56250E+02 d  1.15741E-02 d    8 guilty:sigz      
>>>FRED BASE IRRAD  1.57407E+02 d  1.15741E-02 d    6 guilty:sigz      
>>>FRED BASE IRRAD  1.58565E+02 d  1.15741E-02 d    5 guilty:sigz      
>>>FRED BASE IRRAD  1.59722E+02 d  1.15741E-02 d    5 guilty:sigz      
>>>FRED BASE IRRAD  1.60880E+02 d  1.15741E-02 d    5 guilty:sigz      
>>>FRED BASE IRRAD  1.62037E+02 d  1.15741E-02 d    5 guilty:sigh      
>>>FRED BASE IRRAD  1.63194E+02 d  1.15741E-02 d    5 guilty:sigz      
>>>FRED BASE IRRAD  1.64352E+02 d  1.15741E-02 d    6 guilty:sigz      
>>>FRED BASE IRRAD  1.65509E+02 d  1.15741E-02 d    5 guilty:sigz      
>>>FRED BASE IRRAD  1.66667E+02 d  1.15741E-02 d    5 guilty:sigz      
>>>FRED BASE IRRAD  1.67824E+02 d  1.15741E-02 d    7 guilty:sigz      
>>>FRED BASE IRRAD  1.68981E+02 d  1.15741E-02 d    5 guilty:sigz      
>>>FRED BASE IRRAD  1.70139E+02 d  1.15741E-02 d    5 guilty:sigz      
>>>FRED BASE IRRAD  1.71296E+02 d  1.15741E-02 d    6 guilty:sigfh     
>>>FRED BASE IRRAD  1.72454E+02 d  1.15741E-02 d    6 guilty:sigz      
>>>FRED BASE IRRAD  1.73611E+02 d  1.15741E-02 d    5 guilty:sigz      
>>>FRED BASE IRRAD  1.74769E+02 d  1.15741E-02 d    5 guilty:sigfh     
>>>FRED BASE IRRAD  1.75926E+02 d  1.15741E-02 d    5 guilty:sigz      
>>>FRED BASE IRRAD  1.77083E+02 d  1.15741E-02 d    6 guilty:sigz      
>>>FRED BASE IRRAD  1.78241E+02 d  1.15741E-02 d    5 guilty:sigz      
>>>FRED BASE IRRAD  1.79398E+02 d  1.15741E-02 d    5 guilty:sigz      
>>>FRED BASE IRRAD  1.80556E+02 d  1.15741E-02 d    5 guilty:sigz      
>>>FRED BASE IRRAD  1.81713E+02 d  1.15741E-02 d    6 guilty:sigz      
>>>FRED BASE IRRAD  1.82870E+02 d  1.15741E-02 d    5 guilty:sigz      
>>>FRED BASE IRRAD  1.84028E+02 d  1.15741E-02 d    5 guilty:sigz      
>>>FRED BASE IRRAD  1.85185E+02 d  1.15741E-02 d    5 guilty:sigz      
>>>FRED BASE IRRAD  1.86343E+02 d  1.15741E-02 d    6 guilty:sigz      
>>>FRED BASE IRRAD  1.87500E+02 d  1.15741E-02 d    5 guilty:sigz      
>>>FRED BASE IRRAD  1.88657E+02 d  1.15741E-02 d    5 guilty:sigz      
>>>FRED BASE IRRAD  1.89815E+02 d  1.15741E-02 d    6 guilty:sigz      
>>>FRED BASE IRRAD  1.90972E+02 d  1.15741E-02 d    7 guilty:sigz      
>>>FRED BASE IRRAD  1.92130E+02 d  1.15741E-02 d    5 guilty:sigz      
>>>FRED BASE IRRAD  1.93287E+02 d  1.15741E-02 d    5 guilty:sigz      
>>>FRED BASE IRRAD  1.94444E+02 d  1.15741E-02 d    5 guilty:sigz      
>>>FRED BASE IRRAD  1.95602E+02 d  1.15741E-02 d    4 guilty:sigfz     
>>>FRED BASE IRRAD  1.96759E+02 d  1.15741E-02 d    4 guilty:sigz      
>>>FRED BASE IRRAD  1.97917E+02 d  1.15741E-02 d    5 guilty:sigz      
>>>FRED BASE IRRAD  1.99074E+02 d  1.15741E-02 d    5 guilty:sigz      
>>>FRED BASE IRRAD  2.00231E+02 d  1.15741E-02 d    5 guilty:sigz      
>>>FRED BASE IRRAD  2.01389E+02 d  1.15741E-02 d    5 guilty:sigfh     
>>>FRED BASE IRRAD  2.02546E+02 d  1.15741E-02 d    5 guilty:sigfz     
>>>FRED BASE IRRAD  2.03704E+02 d  1.15741E-02 d    5 guilty:sigfz     
>>>FRED BASE IRRAD  2.04861E+02 d  1.15741E-02 d    7 guilty:sigfz     
>>>FRED BASE IRRAD  2.06019E+02 d  1.15741E-02 d    5 guilty:sigfz     
>>>FRED BASE IRRAD  2.07176E+02 d  1.15741E-02 d    5 guilty:sigfh     
>>>FRED BASE IRRAD  2.08333E+02 d  1.15741E-02 d    4 guilty:sigfh     
>>>FRED BASE IRRAD  2.09491E+02 d  1.15741E-02 d    4 guilty:sigfh     
>>>FRED BASE IRRAD  2.10648E+02 d  1.15741E-02 d    4 guilty:sigfh     
>>>FRED BASE IRRAD  2.11806E+02 d  1.15741E-02 d    4 guilty:sigfz     
>>>FRED BASE IRRAD  2.12963E+02 d  1.15741E-02 d    4 guilty:sigfz     
>>>FRED BASE IRRAD  2.14120E+02 d  1.15741E-02 d    4 guilty:sigfh     
>>>FRED BASE IRRAD  2.15278E+02 d  1.15741E-02 d    5 guilty:sigh      
>>>FRED BASE IRRAD  2.16435E+02 d  1.15741E-02 d    4 guilty:sigfh     
>>>FRED BASE IRRAD  2.17593E+02 d  1.15741E-02 d    4 guilty:sigfh     
>>>FRED BASE IRRAD  2.18750E+02 d  1.15741E-02 d    5 guilty:sigz      
>>>FRED BASE IRRAD  2.19907E+02 d  1.15741E-02 d    5 guilty:sigfh     
>>>FRED BASE IRRAD  2.21065E+02 d  1.15741E-02 d    5 guilty:sigfh     
>>>FRED BASE IRRAD  2.22222E+02 d  1.15741E-02 d    4 guilty:sigfh     
>>>FRED BASE IRRAD  2.23380E+02 d  1.15741E-02 d    4 guilty:sigfh     
>>>FRED BASE IRRAD  2.24537E+02 d  1.15741E-02 d    4 guilty:sigfh     
>>>FRED BASE IRRAD  2.25694E+02 d  1.15741E-02 d    5 guilty:sigfh     
>>>FRED BASE IRRAD  2.26852E+02 d  1.15741E-02 d    5 guilty:sigfh     
>>>FRED BASE IRRAD  2.28009E+02 d  1.15741E-02 d    4 guilty:sigfh     
>>>FRED BASE IRRAD  2.29167E+02 d  1.15741E-02 d    4 guilty:sigfh     
>>>FRED BASE IRRAD  2.30324E+02 d  1.15741E-02 d    4 guilty:sigz      
>>>FRED BASE IRRAD  2.31481E+02 d  1.15741E-02 d    4 guilty:sigz      
>>>FRED BASE IRRAD  2.32639E+02 d  1.15741E-02 d    4 guilty:sigfz     
>>>FRED BASE IRRAD  2.33796E+02 d  1.15741E-02 d    4 guilty:sigfh     
>>>FRED BASE IRRAD  2.34954E+02 d  1.15741E-02 d    4 guilty:sigfh     
>>>FRED BASE IRRAD  2.36111E+02 d  1.15741E-02 d    4 guilty:sigfh     
>>>FRED BASE IRRAD  2.37269E+02 d  1.15741E-02 d    4 guilty:sigfz     
>>>FRED BASE IRRAD  2.38426E+02 d  1.15741E-02 d    4 guilty:sigfh     
>>>FRED BASE IRRAD  2.39583E+02 d  1.15741E-02 d    5 guilty:sigfh     
>>>FRED BASE IRRAD  2.40741E+02 d  1.15741E-02 d    5 guilty:sigfh     
>>>FRED BASE IRRAD  2.41898E+02 d  1.15741E-02 d    5 guilty:sigfh     
>>>FRED BASE IRRAD  2.43056E+02 d  1.15741E-02 d    5 guilty:sigz      
>>>FRED BASE IRRAD  2.44213E+02 d  1.15741E-02 d    4 guilty:sigfz     
>>>FRED BASE IRRAD  2.45370E+02 d  1.15741E-02 d    4 guilty:sigfh     
>>>FRED BASE IRRAD  2.46528E+02 d  1.15741E-02 d    4 guilty:sigfh     
>>>FRED BASE IRRAD  2.47685E+02 d  1.15741E-02 d    6 guilty:sigfh     
>>>FRED BASE IRRAD  2.48843E+02 d  1.15741E-02 d    5 guilty:sigfh     
>>>FRED BASE IRRAD  2.50000E+02 d  1.15741E-02 d    4 guilty:sigh      
>>>FRED BASE IRRAD  2.51157E+02 d  1.15741E-02 d    4 guilty:sigfh     
>>>FRED BASE IRRAD  2.52315E+02 d  1.15741E-02 d    4 guilty:sigfh     
>>>FRED BASE IRRAD  2.53472E+02 d  1.15741E-02 d    4 guilty:sigfh     
>>>FRED BASE IRRAD  2.54630E+02 d  1.15741E-02 d    4 guilty:sigfh     
>>>FRED BASE IRRAD  2.55787E+02 d  1.15741E-02 d    4 guilty:sigfh     
>>>FRED BASE IRRAD  2.56944E+02 d  1.15741E-02 d    4 guilty:sigfh     
>>>FRED BASE IRRAD  2.58102E+02 d  1.15741E-02 d    5 guilty:sigz      
>>>FRED BASE IRRAD  2.59259E+02 d  1.15741E-02 d    5 guilty:sigz      
>>>FRED BASE IRRAD  2.60417E+02 d  1.15741E-02 d    4 guilty:sigfh     
>>>FRED BASE IRRAD  2.61574E+02 d  1.15741E-02 d    4 guilty:sigfh     
>>>FRED BASE IRRAD  2.62731E+02 d  1.15741E-02 d    5 guilty:sigfh     
>>>FRED BASE IRRAD  2.63889E+02 d  1.15741E-02 d    5 guilty:sigfh     
>>>FRED BASE IRRAD  2.65046E+02 d  1.15741E-02 d    5 guilty:sigfh     
>>>FRED BASE IRRAD  2.66204E+02 d  1.15741E-02 d    5 guilty:sigfh     
>>>FRED BASE IRRAD  2.67361E+02 d  1.15741E-02 d    4 guilty:sigfh     
>>>FRED BASE IRRAD  2.68519E+02 d  1.15741E-02 d    4 guilty:sigfh     
>>>FRED BASE IRRAD  2.69676E+02 d  1.15741E-02 d    4 guilty:sigfh     
>>>FRED BASE IRRAD  2.70833E+02 d  1.15741E-02 d    5 guilty:sigfh     
>>>FRED BASE IRRAD  2.71991E+02 d  1.15741E-02 d    6 guilty:sigfh     
>>>FRED BASE IRRAD  2.73148E+02 d  1.15741E-02 d    6 guilty:sigz      
>>>FRED BASE IRRAD  2.74306E+02 d  1.15741E-02 d    4 guilty:sigfh     
>>>FRED BASE IRRAD  2.75463E+02 d  1.15741E-02 d    4 guilty:sigz      
>>>FRED BASE IRRAD  2.76620E+02 d  1.15741E-02 d    4 guilty:sigfh     
>>>FRED BASE IRRAD  2.77778E+02 d  1.15741E-02 d    4 guilty:sigfh     
>>>FRED BASE IRRAD  2.78935E+02 d  1.15741E-02 d    4 guilty:sigfh     
>>>FRED BASE IRRAD  2.80093E+02 d  1.15741E-02 d    4 guilty:sigz      
>>>FRED BASE IRRAD  2.81250E+02 d  1.15741E-02 d    4 guilty:sigfh     
>>>FRED BASE IRRAD  2.82407E+02 d  1.15741E-02 d    4 guilty:sigz      
>>>FRED BASE IRRAD  2.83565E+02 d  1.15741E-02 d    4 guilty:sigfh     
>>>FRED BASE IRRAD  2.84722E+02 d  1.15741E-02 d    4 guilty:sigfh     
>>>FRED BASE IRRAD  2.85880E+02 d  1.15741E-02 d    4 guilty:sigfh     
>>>FRED BASE IRRAD  2.87037E+02 d  1.15741E-02 d    4 guilty:sigfh     
>>>FRED BASE IRRAD  2.88194E+02 d  1.15741E-02 d    4 guilty:sigz      
>>>FRED BASE IRRAD  2.89352E+02 d  1.15741E-02 d    4 guilty:sigh      
>>>FRED BASE IRRAD  2.90509E+02 d  1.15741E-02 d    4 guilty:sigh      
>>>FRED BASE IRRAD  2.91667E+02 d  1.15741E-02 d    4 guilty:sigfh     
>>>FRED BASE IRRAD  2.92824E+02 d  1.15741E-02 d    5 guilty:sigfh     
>>>FRED BASE IRRAD  2.93981E+02 d  1.15741E-02 d    6 guilty:sigz      
>>>FRED BASE IRRAD  2.95139E+02 d  1.15741E-02 d    4 guilty:sigfh     
>>>FRED BASE IRRAD  2.96296E+02 d  1.15741E-02 d    4 guilty:sigz      
>>>FRED BASE IRRAD  2.97454E+02 d  1.15741E-02 d    4 guilty:sigh      
>>>FRED BASE IRRAD  2.98611E+02 d  1.15741E-02 d    4 guilty:sigfh     
>>>FRED BASE IRRAD  2.99769E+02 d  1.15741E-02 d    4 guilty:sigfh     
>>>FRED BASE IRRAD  3.00926E+02 d  1.15741E-02 d    4 guilty:sigfh     
>>>FRED BASE IRRAD  3.02083E+02 d  1.15741E-02 d    4 guilty:sigfh     
>>>FRED BASE IRRAD  3.03241E+02 d  1.15741E-02 d    4 guilty:sigfh     
>>>FRED BASE IRRAD  3.04398E+02 d  1.15741E-02 d    4 guilty:sigfh     
>>>FRED BASE IRRAD  3.05556E+02 d  1.15741E-02 d    4 guilty:sigfh     
>>>FRED BASE IRRAD  3.06713E+02 d  1.15741E-02 d    4 guilty:sigz      
>>>FRED BASE IRRAD  3.07870E+02 d  1.15741E-02 d    3 guilty:sigh      
>>>FRED BASE IRRAD  3.09028E+02 d  1.15741E-02 d    3 guilty:sigh      
>>>FRED BASE IRRAD  3.10185E+02 d  1.15741E-02 d    4 guilty:sigz      
>>>FRED BASE IRRAD  3.11343E+02 d  1.15741E-02 d    4 guilty:sigh      
>>>FRED BASE IRRAD  3.12500E+02 d  1.15741E-02 d    4 guilty:sigfh     
>>>FRED BASE IRRAD  3.13657E+02 d  1.15741E-02 d    5 guilty:sigz      
>>>FRED BASE IRRAD  3.14815E+02 d  1.15741E-02 d    4 guilty:sigh      
>>>FRED BASE IRRAD  3.15972E+02 d  1.15741E-02 d    4 guilty:sigz      
>>>FRED BASE IRRAD  3.17130E+02 d  1.15741E-02 d    4 guilty:sigz      
>>>FRED BASE IRRAD  3.18287E+02 d  1.15741E-02 d    4 guilty:sigh      
>>>FRED BASE IRRAD  3.19444E+02 d  1.15741E-02 d    3 guilty:sigfh     
>>>FRED BASE IRRAD  3.20602E+02 d  1.15741E-02 d    4 guilty:sigh      
>>>FRED BASE IRRAD  3.21759E+02 d  1.15741E-02 d    6 guilty:sigh      
>>>FRED BASE IRRAD  3.22917E+02 d  1.15741E-02 d    4 guilty:sigh      
>>>FRED BASE IRRAD  3.24074E+02 d  1.15741E-02 d    4 guilty:sigfh     
>>>FRED BASE IRRAD  3.25231E+02 d  1.15741E-02 d    8 guilty:sigh      
>>>FRED BASE IRRAD  3.26389E+02 d  1.15741E-02 d    3 guilty:sigfh     
>>>FRED BASE IRRAD  3.27546E+02 d  1.15741E-02 d    4 guilty:sigfh     
>>>FRED BASE IRRAD  3.28704E+02 d  1.15741E-02 d    4 guilty:sigh      
>>>FRED BASE IRRAD  3.29861E+02 d  1.15741E-02 d    4 guilty:sigh      
>>>FRED BASE IRRAD  3.31019E+02 d  1.15741E-02 d    4 guilty:sigfh     
>>>FRED BASE IRRAD  3.32176E+02 d  1.15741E-02 d    5 guilty:sigz      
>>>FRED BASE IRRAD  3.33333E+02 d  1.15741E-02 d    4 guilty:sigfh     
>>>FRED BASE IRRAD  3.34491E+02 d  1.15741E-02 d    4 guilty:sigz      
>>>FRED BASE IRRAD  3.35648E+02 d  1.15741E-02 d    4 guilty:sigfh     
>>>FRED BASE IRRAD  3.36806E+02 d  1.15741E-02 d    4 guilty:sigz      
>>>FRED BASE IRRAD  3.37963E+02 d  1.15741E-02 d    4 guilty:sigfh     
>>>FRED BASE IRRAD  3.39120E+02 d  1.15741E-02 d    5 guilty:sigfh     
>>>FRED BASE IRRAD  3.40278E+02 d  1.15741E-02 d    4 guilty:sigfh     
>>>FRED BASE IRRAD  3.41435E+02 d  1.15741E-02 d    4 guilty:sigfh     
>>>FRED BASE IRRAD  3.42593E+02 d  1.15741E-02 d    4 guilty:sigh      
>>>FRED BASE IRRAD  3.43750E+02 d  1.15741E-02 d    4 guilty:sigfz     
>>>FRED BASE IRRAD  3.44907E+02 d  1.15741E-02 d    4 guilty:sigz      
>>>FRED BASE IRRAD  3.46065E+02 d  1.15741E-02 d    4 guilty:sigfh     
>>>FRED BASE IRRAD  3.47222E+02 d  1.15741E-02 d    4 guilty:sigfh     
>>>FRED BASE IRRAD  3.48380E+02 d  1.15741E-02 d    4 guilty:sigfh     
>>>FRED BASE IRRAD  3.49537E+02 d  1.15741E-02 d    4 guilty:sigfh     
>>>FRED BASE IRRAD  3.50694E+02 d  1.15741E-02 d    4 guilty:sigfh     
>>>FRED BASE IRRAD  3.51852E+02 d  1.15741E-02 d    5 guilty:sigz      
>>>FRED BASE IRRAD  3.53009E+02 d  1.15741E-02 d    5 guilty:sigz      
>>>FRED BASE IRRAD  3.54167E+02 d  1.15741E-02 d    4 guilty:sigh      
>>>FRED BASE IRRAD  3.55324E+02 d  1.15741E-02 d    9 guilty:sigh      
>>>FRED BASE IRRAD  3.56481E+02 d  1.15741E-02 d    4 guilty:sigfz     
>>>FRED BASE IRRAD  3.57639E+02 d  1.15741E-02 d    3 guilty:sigfh     
>>>FRED BASE IRRAD  3.58796E+02 d  1.15741E-02 d    9 guilty:sigh      
>>>FRED BASE IRRAD  3.59954E+02 d  1.15741E-02 d    8 guilty:sigh      
>>>FRED BASE IRRAD  3.61111E+02 d  1.15741E-02 d    4 guilty:sigh      
>>>FRED BASE IRRAD  3.62269E+02 d  1.15741E-02 d    4 guilty:sigfz     
>>>FRED BASE IRRAD  3.63426E+02 d  1.15741E-02 d    4 guilty:sigfh     
>>>FRED BASE IRRAD  3.64583E+02 d  1.15741E-02 d    4 guilty:sigfh     
>>>FRED BASE IRRAD  3.65741E+02 d  1.15741E-02 d    5 guilty:sigfh     
>>>FRED BASE IRRAD  3.66898E+02 d  1.15741E-02 d    4 guilty:sigfh     
>>>FRED BASE IRRAD  3.68056E+02 d  1.15741E-02 d    5 guilty:sigfh     
>>>FRED BASE IRRAD  3.69213E+02 d  1.15741E-02 d    4 guilty:sigfz     
>>>FRED BASE IRRAD  3.70370E+02 d  1.15741E-02 d    4 guilty:sigfz     
>>>FRED BASE IRRAD  3.71528E+02 d  1.15741E-02 d    4 guilty:sigfz     
>>>FRED BASE IRRAD  3.72685E+02 d  1.15741E-02 d    3 guilty:sigh      
>>>FRED BASE IRRAD  3.73843E+02 d  1.15741E-02 d    4 guilty:sigfz     
>>>FRED BASE IRRAD  3.75000E+02 d  1.15741E-02 d    4 guilty:sigz      
>>>FRED BASE IRRAD  3.76157E+02 d  1.15741E-02 d    5 guilty:sigz      
>>>FRED BASE IRRAD  3.77315E+02 d  1.15741E-02 d    6 guilty:sigz      
>>>FRED BASE IRRAD  3.78472E+02 d  1.15741E-02 d    4 guilty:sigz      
>>>FRED BASE IRRAD  3.79630E+02 d  1.15741E-02 d    3 guilty:sigfh     
>>>FRED BASE IRRAD  3.80787E+02 d  1.15741E-02 d    3 guilty:sigfz     
>>>FRED BASE IRRAD  3.81944E+02 d  1.15741E-02 d    4 guilty:sigfz     
>>>FRED BASE IRRAD  3.83102E+02 d  1.15741E-02 d    3 guilty:sigfh     
>>>FRED BASE IRRAD  3.84259E+02 d  1.15741E-02 d    3 guilty:sigz      
>>>FRED BASE IRRAD  3.85417E+02 d  1.15741E-02 d    3 guilty:sigfh     
>>>FRED BASE IRRAD  3.86574E+02 d  1.15741E-02 d    3 guilty:sigfh     
>>>FRED BASE IRRAD  3.87731E+02 d  1.15741E-02 d    3 guilty:sigfh     
>>>FRED BASE IRRAD  3.88889E+02 d  1.15741E-02 d    4 guilty:sigfh     
>>>FRED BASE IRRAD  3.90046E+02 d  1.15741E-02 d    3 guilty:sigfh     
>>>FRED BASE IRRAD  3.91204E+02 d  1.15741E-02 d    4 guilty:sigfh     
>>>FRED BASE IRRAD  3.92361E+02 d  1.15741E-02 d    3 guilty:sigfh     
>>>FRED BASE IRRAD  3.93519E+02 d  1.15741E-02 d    6 guilty:sigh      
>>>FRED BASE IRRAD  3.94676E+02 d  1.15741E-02 d    8 guilty:sigh      
>>>FRED BASE IRRAD  3.95833E+02 d  1.15741E-02 d    4 guilty:sigh      
>>>FRED BASE IRRAD  3.96991E+02 d  1.15741E-02 d    7 guilty:sigh      
>>>FRED BASE IRRAD  3.98148E+02 d  1.15741E-02 d    9 guilty:sigh      
>>>FRED BASE IRRAD  3.99306E+02 d  1.15741E-02 d    7 guilty:sigh      
>>>FRED BASE IRRAD  4.00463E+02 d  1.15741E-02 d    3 guilty:sigfh     
>>>FRED BASE IRRAD  4.01620E+02 d  1.15741E-02 d    3 guilty:sigfh     
>>>FRED BASE IRRAD  4.02778E+02 d  1.15741E-02 d    3 guilty:sigfh     
>>>FRED BASE IRRAD  4.03935E+02 d  1.15741E-02 d    4 guilty:sigh      
>>>FRED BASE IRRAD  4.05093E+02 d  1.15741E-02 d    3 guilty:sigfh     
>>>FRED BASE IRRAD  4.06250E+02 d  1.15741E-02 d    4 guilty:sigfh     
>>>FRED BASE IRRAD  4.07407E+02 d  1.15741E-02 d    3 guilty:sigfh     
>>>FRED BASE IRRAD  4.08565E+02 d  1.15741E-02 d    3 guilty:sigfh     
>>>FRED BASE IRRAD  4.09722E+02 d  1.15741E-02 d    3 guilty:sigfh     
>>>FRED BASE IRRAD  4.10880E+02 d  1.15741E-02 d    3 guilty:sigfh     
>>>FRED BASE IRRAD  4.12037E+02 d  1.15741E-02 d    3 guilty:sigfh     
>>>FRED BASE IRRAD  4.13194E+02 d  1.15741E-02 d    3 guilty:sigfh     
>>>FRED BASE IRRAD  4.14352E+02 d  1.15741E-02 d    3 guilty:sigh      
>>>FRED BASE IRRAD  4.15509E+02 d  1.15741E-02 d    4 guilty:sigfh     
>>>FRED BASE IRRAD  4.16667E+02 d  1.15741E-02 d    3 guilty:sigfh     
>>>FRED BASE IRRAD  4.17824E+02 d  1.15741E-02 d    3 guilty:sigfh     
>>>FRED BASE IRRAD  4.18981E+02 d  1.15741E-02 d    3 guilty:sigh      
>>>FRED BASE IRRAD  4.20139E+02 d  1.15741E-02 d    3 guilty:sigz      
>>>FRED BASE IRRAD  4.21296E+02 d  1.15741E-02 d    3 guilty:sigfh     
>>>FRED BASE IRRAD  4.22454E+02 d  1.15741E-02 d    3 guilty:sigfh     
>>>FRED BASE IRRAD  4.23611E+02 d  1.15741E-02 d    3 guilty:sigfh     
>>>FRED BASE IRRAD  4.24769E+02 d  1.15741E-02 d    3 guilty:sigfh     
>>>FRED BASE IRRAD  4.25926E+02 d  1.15741E-02 d    3 guilty:sigfh     
>>>FRED BASE IRRAD  4.27083E+02 d  1.15741E-02 d    3 guilty:sigfh     
>>>FRED BASE IRRAD  4.28241E+02 d  1.15741E-02 d    3 guilty:sigfh     
>>>FRED BASE IRRAD  4.29398E+02 d  1.15741E-02 d    3 guilty:sigfh     
>>>FRED BASE IRRAD  4.30556E+02 d  1.15741E-02 d    3 guilty:sigfh     
>>>FRED BASE IRRAD  4.31713E+02 d  1.15741E-02 d    3 guilty:sigfh     
>>>FRED BASE IRRAD  4.32870E+02 d  1.15741E-02 d    3 guilty:sigfh     
>>>FRED BASE IRRAD  4.34028E+02 d  1.15741E-02 d    4 guilty:sigfh     
>>>FRED BASE IRRAD  4.35185E+02 d  1.15741E-02 d    3 guilty:sigfh     
>>>FRED BASE IRRAD  4.36343E+02 d  1.15741E-02 d    4 guilty:sigh      
>>>FRED BASE IRRAD  4.37500E+02 d  1.15741E-02 d    4 guilty:sigh      
>>>FRED BASE IRRAD  4.38657E+02 d  1.15741E-02 d    3 guilty:sigz      
>>>FRED BASE IRRAD  4.39815E+02 d  1.15741E-02 d    3 guilty:sigfh     
>>>FRED BASE IRRAD  4.40972E+02 d  1.15741E-02 d    3 guilty:sigfh     
>>>FRED BASE IRRAD  4.42130E+02 d  1.15741E-02 d    3 guilty:sigz      
>>>FRED BASE IRRAD  4.43287E+02 d  1.15741E-02 d    3 guilty:sigz      
>>>FRED BASE IRRAD  4.44444E+02 d  1.15741E-02 d    3 guilty:sigz      
>>>FRED BASE IRRAD  4.45602E+02 d  1.15741E-02 d    3 guilty:sigfh     
>>>FRED BASE IRRAD  4.46759E+02 d  1.15741E-02 d    8 guilty:sigh      
>>>FRED BASE IRRAD  4.47917E+02 d  1.15741E-02 d    4 guilty:sigh      
>>>FRED BASE IRRAD  4.49074E+02 d  1.15741E-02 d    3 guilty:sigfh     
>>>FRED BASE IRRAD  4.50231E+02 d  1.15741E-02 d    3 guilty:sigz      
>>>FRED BASE IRRAD  4.51389E+02 d  1.15741E-02 d    3 guilty:sigz      
>>>FRED BASE IRRAD  4.52546E+02 d  1.15741E-02 d    5 guilty:sigh      
>>>FRED BASE IRRAD  4.53704E+02 d  1.15741E-02 d    3 guilty:sigz      
>>>FRED BASE IRRAD  4.54861E+02 d  1.15741E-02 d    4 guilty:sigh      
>>>FRED BASE IRRAD  4.56019E+02 d  1.15741E-02 d    4 guilty:sigh      
>>>FRED BASE IRRAD  4.57176E+02 d  1.15741E-02 d    3 guilty:sigh      
>>>FRED BASE IRRAD  4.58333E+02 d  1.15741E-02 d    3 guilty:sigh      
>>>FRED BASE IRRAD  4.59491E+02 d  1.15741E-02 d    3 guilty:sigfh     
>>>FRED BASE IRRAD  4.60648E+02 d  1.15741E-02 d    3 guilty:sigfh     
>>>FRED BASE IRRAD  4.61806E+02 d  1.15741E-02 d    3 guilty:sigfh     
>>>FRED BASE IRRAD  4.62963E+02 d  1.15741E-02 d    3 guilty:sigh      
>>>FRED BASE IRRAD  4.64120E+02 d  1.15741E-02 d    4 guilty:sigfh     
>>>FRED BASE IRRAD  4.65278E+02 d  1.15741E-02 d    3 guilty:sigfh     
>>>FRED BASE IRRAD  4.66435E+02 d  1.15741E-02 d    3 guilty:sigfh     
>>>FRED BASE IRRAD  4.67593E+02 d  1.15741E-02 d    3 guilty:sigfh     
>>>FRED BASE IRRAD  4.68750E+02 d  1.15741E-02 d    3 guilty:sigfh     
>>>FRED BASE IRRAD  4.69907E+02 d  1.15741E-02 d    3 guilty:sigfh     
>>>FRED BASE IRRAD  4.71065E+02 d  1.15741E-02 d    3 guilty:sigfh     
>>>FRED BASE IRRAD  4.72222E+02 d  1.15741E-02 d    3 guilty:sigh      
>>>FRED BASE IRRAD  4.73380E+02 d  1.15741E-02 d    3 guilty:sigfh     
>>>FRED BASE IRRAD  4.74537E+02 d  1.15741E-02 d    3 guilty:sigfz     
>>>FRED BASE IRRAD  4.75694E+02 d  1.15741E-02 d    4 guilty:sigfh     
>>>FRED BASE IRRAD  4.76852E+02 d  1.15741E-02 d    3 guilty:sigfz     
>>>FRED BASE IRRAD  4.78009E+02 d  1.15741E-02 d    3 guilty:sigh      
>>>FRED BASE IRRAD  4.79167E+02 d  1.15741E-02 d    3 guilty:sigfz     
>>>FRED BASE IRRAD  4.80324E+02 d  1.15741E-02 d    3 guilty:sigh      
>>>FRED BASE IRRAD  4.81481E+02 d  1.15741E-02 d    3 guilty:sigfh     
>>>FRED BASE IRRAD  4.82639E+02 d  1.15741E-02 d    3 guilty:sigh      
>>>FRED BASE IRRAD  4.83796E+02 d  1.15741E-02 d    3 guilty:sigfh     
>>>FRED BASE IRRAD  4.84954E+02 d  1.15741E-02 d    3 guilty:sigfh     
>>>FRED BASE IRRAD  4.86111E+02 d  1.15741E-02 d    3 guilty:sigfz     
>>>FRED BASE IRRAD  4.87269E+02 d  1.15741E-02 d    3 guilty:sigfh     
>>>FRED BASE IRRAD  4.88426E+02 d  1.15741E-02 d    3 guilty:sigfh     
>>>FRED BASE IRRAD  4.89583E+02 d  1.15741E-02 d    4 guilty:sigh      
>>>FRED BASE IRRAD  4.90741E+02 d  1.15741E-02 d    8 guilty:sigh      
>>>FRED BASE IRRAD  4.91898E+02 d  1.15741E-02 d    3 guilty:sigfh     
>>>FRED BASE IRRAD  4.93056E+02 d  1.15741E-02 d    5 guilty:sigh      
>>>FRED BASE IRRAD  4.94213E+02 d  1.15741E-02 d    3 guilty:sigfh     
>>>FRED BASE IRRAD  4.95370E+02 d  1.15741E-02 d    4 guilty:sigh      
>>>FRED BASE IRRAD  4.96528E+02 d  1.15741E-02 d    3 guilty:sigh      
>>>FRED BASE IRRAD  4.97685E+02 d  1.15741E-02 d    3 guilty:sigfh     
>>>FRED BASE IRRAD  4.98843E+02 d  1.15741E-02 d    4 guilty:sigfh     
>>>FRED BASE IRRAD  5.00000E+02 d  1.15741E-02 d    5 guilty:sigh      
>>>FRED BASE IRRAD  5.01157E+02 d  1.15741E-02 d    4 guilty:sigfh     
>>>FRED BASE IRRAD  5.02315E+02 d  1.15741E-02 d    4 guilty:sigfh     
>>>FRED BASE IRRAD  5.03472E+02 d  1.15741E-02 d    4 guilty:sigh      
>>>FRED BASE IRRAD  5.04630E+02 d  1.15741E-02 d    4 guilty:sigh      
>>>FRED BASE IRRAD  5.05787E+02 d  1.15741E-02 d    3 guilty:sigfh     
>>>FRED BASE IRRAD  5.06944E+02 d  1.15741E-02 d    5 guilty:sigh      
>>>FRED BASE IRRAD  5.08102E+02 d  1.15741E-02 d    4 guilty:sigh      
>>>FRED BASE IRRAD  5.09259E+02 d  1.15741E-02 d    6 guilty:sigh      
>>>FRED BASE IRRAD  5.10417E+02 d  1.15741E-02 d    3 guilty:sigfh     
>>>FRED BASE IRRAD  5.11574E+02 d  1.15741E-02 d    4 guilty:sigfh     
>>>FRED BASE IRRAD  5.12731E+02 d  1.15741E-02 d    3 guilty:sigfh     
>>>FRED BASE IRRAD  5.13889E+02 d  1.15741E-02 d    3 guilty:sigfz     
>>>FRED BASE IRRAD  5.15046E+02 d  1.15741E-02 d    3 guilty:sigh      
>>>FRED BASE IRRAD  5.16204E+02 d  1.15741E-02 d    3 guilty:sigfh     
>>>FRED BASE IRRAD  5.17361E+02 d  1.15741E-02 d    3 guilty:sigfh     
>>>FRED BASE IRRAD  5.18519E+02 d  1.15741E-02 d    4 guilty:sigfz     
>>>FRED BASE IRRAD  5.19676E+02 d  1.15741E-02 d    4 guilty:sigfz     
>>>FRED BASE IRRAD  5.20833E+02 d  1.15741E-02 d    3 guilty:sigh      
>>>FRED BASE IRRAD  5.21991E+02 d  1.15741E-02 d    4 guilty:sigfz     
>>>FRED BASE IRRAD  5.23148E+02 d  1.15741E-02 d    3 guilty:sigfh     
>>>FRED BASE IRRAD  5.24306E+02 d  1.15741E-02 d    4 guilty:sigfh     
>>>FRED BASE IRRAD  5.25463E+02 d  1.15741E-02 d    4 guilty:sigfh     
>>>FRED BASE IRRAD  5.26620E+02 d  1.15741E-02 d    3 guilty:sigfz     
>>>FRED BASE IRRAD  5.27778E+02 d  1.15741E-02 d    3 guilty:sigfz     
>>>FRED BASE IRRAD  5.28935E+02 d  1.15741E-02 d    6 guilty:sigfz     
>>>FRED BASE IRRAD  5.30093E+02 d  1.15741E-02 d    5 guilty:sigfz     
>>>FRED BASE IRRAD  5.31250E+02 d  1.15741E-02 d    4 guilty:sigfh     
>>>FRED BASE IRRAD  5.32407E+02 d  1.15741E-02 d    5 guilty:sigfz     
>>>FRED BASE IRRAD  5.33565E+02 d  1.15741E-02 d    3 guilty:sigfh     
>>>FRED BASE IRRAD  5.34722E+02 d  1.15741E-02 d    4 guilty:sigfh     
>>>FRED BASE IRRAD  5.35880E+02 d  1.15741E-02 d    3 guilty:sigfh     
>>>FRED BASE IRRAD  5.37037E+02 d  1.15741E-02 d    4 guilty:sigfz     
>>>FRED BASE IRRAD  5.38194E+02 d  1.15741E-02 d    4 guilty:sigfh     
>>>FRED BASE IRRAD  5.39352E+02 d  1.15741E-02 d    5 guilty:sigfh     
>>>FRED BASE IRRAD  5.40509E+02 d  1.15741E-02 d    4 guilty:sigfh     
>>>FRED BASE IRRAD  5.41667E+02 d  1.15741E-02 d    4 guilty:sigfh     
>>>FRED BASE IRRAD  5.42824E+02 d  1.15741E-02 d    4 guilty:sigfh     
>>>FRED BASE IRRAD  5.43981E+02 d  1.15741E-02 d    4 guilty:sigfh     
>>>FRED BASE IRRAD  5.45139E+02 d  1.15741E-02 d    4 guilty:sigfh     
>>>FRED BASE IRRAD  5.46296E+02 d  1.15741E-02 d    4 guilty:sigfh     
>>>FRED BASE IRRAD  5.47454E+02 d  1.15741E-02 d    3 guilty:sigfh     
>>>FRED BASE IRRAD  5.48611E+02 d  1.15741E-02 d    3 guilty:sigfh     
>>>FRED BASE IRRAD  5.49769E+02 d  1.15741E-02 d    6 guilty:sigh      
>>>FRED BASE IRRAD  5.50926E+02 d  1.15741E-02 d    4 guilty:sigfh     
>>>FRED BASE IRRAD  5.52083E+02 d  1.15741E-02 d    7 guilty:sigh      
>>>FRED BASE IRRAD  5.53241E+02 d  1.15741E-02 d    3 guilty:sigfh     
>>>FRED BASE IRRAD  5.54398E+02 d  1.15741E-02 d    3 guilty:sigfh     
>>>FRED BASE IRRAD  5.55556E+02 d  1.15741E-02 d    4 guilty:sigz      
>>>FRED BASE IRRAD  5.56713E+02 d  1.15741E-02 d    3 guilty:sigfh     
>>>FRED BASE IRRAD  5.57870E+02 d  1.15741E-02 d    4 guilty:sigz      
>>>FRED BASE IRRAD  5.59028E+02 d  1.15741E-02 d    3 guilty:sigh      
>>>FRED BASE IRRAD  5.60185E+02 d  1.15741E-02 d    4 guilty:sigh      
>>>FRED BASE IRRAD  5.61343E+02 d  1.15741E-02 d    3 guilty:sigfz     
>>>FRED BASE IRRAD  5.62500E+02 d  1.15741E-02 d    3 guilty:sigfh     
>>>FRED BASE IRRAD  5.63657E+02 d  1.15741E-02 d    3 guilty:sigh      
>>>FRED BASE IRRAD  5.64815E+02 d  1.15741E-02 d    4 guilty:sigh      
>>>FRED BASE IRRAD  5.65972E+02 d  1.15741E-02 d    3 guilty:sigfh     
>>>FRED BASE IRRAD  5.67130E+02 d  1.15741E-02 d    3 guilty:sigfh     
>>>FRED BASE IRRAD  5.68287E+02 d  1.15741E-02 d    6 guilty:sigh      
>>>FRED BASE IRRAD  5.69444E+02 d  1.15741E-02 d    7 guilty:sigh      
>>>FRED BASE IRRAD  5.70602E+02 d  1.15741E-02 d    4 guilty:sigfh     
>>>FRED BASE IRRAD  5.71759E+02 d  1.15741E-02 d    4 guilty:sigfh     
>>>FRED BASE IRRAD  5.72917E+02 d  1.15741E-02 d    5 guilty:sigh      
>>>FRED BASE IRRAD  5.74074E+02 d  1.15741E-02 d    3 guilty:sigfh     
>>>FRED BASE IRRAD  5.75231E+02 d  1.15741E-02 d    5 guilty:sigh      
>>>FRED BASE IRRAD  5.76389E+02 d  1.15741E-02 d    6 guilty:sigh      
>>>FRED BASE IRRAD  5.77546E+02 d  1.15741E-02 d    4 guilty:sigh      
>>>FRED BASE IRRAD  5.78704E+02 d  1.15741E-02 d    3 guilty:sigfz     
>>>FRED BASE IRRAD  5.79861E+02 d  1.15741E-02 d    3 guilty:sigfh     
>>>FRED BASE IRRAD  5.81019E+02 d  1.15741E-02 d    3 guilty:sigfh     
>>>FRED BASE IRRAD  5.82176E+02 d  1.15741E-02 d    3 guilty:sigfh     
>>>FRED BASE IRRAD  5.83333E+02 d  1.15741E-02 d    4 guilty:sigfh     
>>>FRED BASE IRRAD  5.84491E+02 d  1.15741E-02 d    3 guilty:sigfh     
>>>FRED BASE IRRAD  5.85648E+02 d  1.15741E-02 d    3 guilty:sigfh     
>>>FRED BASE IRRAD  5.86806E+02 d  1.15741E-02 d    3 guilty:sigfh     
>>>FRED BASE IRRAD  5.87963E+02 d  1.15741E-02 d    4 guilty:sigfh     
>>>FRED BASE IRRAD  5.89120E+02 d  1.15741E-02 d    4 guilty:sigfh     
>>>FRED BASE IRRAD  5.90278E+02 d  1.15741E-02 d    5 guilty:sigfh     
>>>FRED BASE IRRAD  5.91435E+02 d  1.15741E-02 d    4 guilty:sigfh     
>>>FRED BASE IRRAD  5.92593E+02 d  1.15741E-02 d    4 guilty:sigfh     
>>>FRED BASE IRRAD  5.93750E+02 d  1.15741E-02 d    3 guilty:sigfh     
>>>FRED BASE IRRAD  5.94907E+02 d  1.15741E-02 d    4 guilty:sigfh     
>>>FRED BASE IRRAD  5.96065E+02 d  1.15741E-02 d    3 guilty:sigfh     
>>>FRED BASE IRRAD  5.97222E+02 d  1.15741E-02 d    3 guilty:sigfh     
>>>FRED BASE IRRAD  5.98380E+02 d  1.15741E-02 d    3 guilty:sigfh     
>>>FRED BASE IRRAD  5.99537E+02 d  1.15741E-02 d    3 guilty:sigfh     
>>>FRED BASE IRRAD  6.00694E+02 d  1.15741E-02 d    4 guilty:sigfh     
>>>FRED BASE IRRAD  6.01852E+02 d  1.15741E-02 d    3 guilty:sigfh     
>>>FRED BASE IRRAD  6.03009E+02 d  1.15741E-02 d    3 guilty:sigh      
>>>FRED BASE IRRAD  6.04167E+02 d  1.15741E-02 d    3 guilty:sigfh     
>>>FRED BASE IRRAD  6.05324E+02 d  1.15741E-02 d    3 guilty:sigfh     
>>>FRED BASE IRRAD  6.06481E+02 d  1.15741E-02 d    4 guilty:sigfh     
>>>FRED BASE IRRAD  6.07639E+02 d  1.15741E-02 d    4 guilty:sigfh     
>>>FRED BASE IRRAD  6.08796E+02 d  1.15741E-02 d    3 guilty:sigh      
>>>FRED BASE IRRAD  6.09954E+02 d  1.15741E-02 d    4 guilty:sigfh     
>>>FRED BASE IRRAD  6.11111E+02 d  1.15741E-02 d    3 guilty:sigfh     
>>>FRED BASE IRRAD  6.12269E+02 d  1.15741E-02 d    3 guilty:sigfh     
>>>FRED BASE IRRAD  6.13426E+02 d  1.15741E-02 d    3 guilty:sigfh     
>>>FRED BASE IRRAD  6.14583E+02 d  1.15741E-02 d    4 guilty:sigfh     
>>>FRED BASE IRRAD  6.15741E+02 d  1.15741E-02 d    4 guilty:sigfh     
>>>FRED BASE IRRAD  6.16898E+02 d  1.15741E-02 d    5 guilty:sigfh     
>>>FRED BASE IRRAD  6.18056E+02 d  1.15741E-02 d    4 guilty:sigfh     
>>>FRED BASE IRRAD  6.19213E+02 d  1.15741E-02 d    4 guilty:sigfh     
>>>FRED BASE IRRAD  6.20370E+02 d  1.15741E-02 d    3 guilty:sigfh     
>>>FRED BASE IRRAD  6.21528E+02 d  1.15741E-02 d    4 guilty:sigfh     
>>>FRED BASE IRRAD  6.22685E+02 d  1.15741E-02 d    3 guilty:sigfh     
>>>FRED BASE IRRAD  6.23843E+02 d  1.15741E-02 d    4 guilty:sigfh     
>>>FRED BASE IRRAD  6.25000E+02 d  1.15741E-02 d    3 guilty:sigh      
>>>FRED BASE IRRAD  6.26157E+02 d  1.15741E-02 d    3 guilty:sigfh     
>>>FRED BASE IRRAD  6.27315E+02 d  1.15741E-02 d    5 guilty:sigz      
>>>FRED BASE IRRAD  6.28472E+02 d  1.15741E-02 d    3 guilty:sigfh     
>>>FRED BASE IRRAD  6.29630E+02 d  1.15741E-02 d    4 guilty:sigfh     
>>>FRED BASE IRRAD  6.30787E+02 d  1.15741E-02 d    6 guilty:sigz      
>>>FRED BASE IRRAD  6.31944E+02 d  1.15741E-02 d    3 guilty:sigfh     
>>>FRED BASE IRRAD  6.33102E+02 d  1.15741E-02 d    8 guilty:sigz      
>>>FRED BASE IRRAD  6.34259E+02 d  1.15741E-02 d    5 guilty:sigz      
>>>FRED BASE IRRAD  6.35417E+02 d  1.15741E-02 d    3 guilty:sigfh     
>>>FRED BASE IRRAD  6.36574E+02 d  1.15741E-02 d    4 guilty:sigfh     
>>>FRED BASE IRRAD  6.37731E+02 d  1.15741E-02 d    3 guilty:sigfh     
>>>FRED BASE IRRAD  6.38889E+02 d  1.15741E-02 d    3 guilty:sigfh     
>>>FRED BASE IRRAD  6.40046E+02 d  1.15741E-02 d    5 guilty:sigh      
>>>FRED BASE IRRAD  6.41204E+02 d  1.15741E-02 d    5 guilty:sigh      
>>>FRED BASE IRRAD  6.42361E+02 d  1.15741E-02 d    4 guilty:sigh      
>>>FRED BASE IRRAD  6.43519E+02 d  1.15741E-02 d    4 guilty:sigfh     
>>>FRED BASE IRRAD  6.44676E+02 d  1.15741E-02 d    4 guilty:sigfh     
>>>FRED BASE IRRAD  6.45833E+02 d  1.15741E-02 d    4 guilty:sigfh     
>>>FRED BASE IRRAD  6.46991E+02 d  1.15741E-02 d    4 guilty:sigh      
>>>FRED BASE IRRAD  6.48148E+02 d  1.15741E-02 d    5 guilty:sigh      
>>>FRED BASE IRRAD  6.49306E+02 d  1.15741E-02 d    6 guilty:sigfh     
>>>FRED BASE IRRAD  6.50463E+02 d  1.15741E-02 d    6 guilty:sigfh     
>>>FRED BASE IRRAD  6.51620E+02 d  1.15741E-02 d    5 guilty:sigfh     
>>>FRED BASE IRRAD  6.52778E+02 d  1.15741E-02 d    4 guilty:sigfh     
>>>FRED BASE IRRAD  6.53935E+02 d  1.15741E-02 d    4 guilty:sigfh     
>>>FRED BASE IRRAD  6.55093E+02 d  1.15741E-02 d    4 guilty:sigh      
>>>FRED BASE IRRAD  6.56250E+02 d  1.15741E-02 d    4 guilty:sigfh     
>>>FRED BASE IRRAD  6.57407E+02 d  1.15741E-02 d    4 guilty:sigfh     
>>>FRED BASE IRRAD  6.58565E+02 d  1.15741E-02 d    4 guilty:sigfh     
>>>FRED BASE IRRAD  6.59722E+02 d  1.15741E-02 d    5 guilty:sigfh     
>>>FRED BASE IRRAD  6.60880E+02 d  1.15741E-02 d    4 guilty:sigfh     
>>>FRED BASE IRRAD  6.62037E+02 d  1.15741E-02 d    4 guilty:sigfh     
>>>FRED BASE IRRAD  6.63194E+02 d  1.15741E-02 d    4 guilty:sigfh     
>>>FRED BASE IRRAD  6.64352E+02 d  1.15741E-02 d    4 guilty:sigfh     
>>>FRED BASE IRRAD  6.65509E+02 d  1.15741E-02 d    5 guilty:sigfh     
>>>FRED BASE IRRAD  6.66667E+02 d  1.15741E-02 d    3 guilty:sigfh     
>>>FRED BASE IRRAD  6.67824E+02 d  1.15741E-02 d    4 guilty:sigfh     
>>>FRED BASE IRRAD  6.68981E+02 d  1.15741E-02 d    4 guilty:sigfh     
>>>FRED BASE IRRAD  6.70139E+02 d  1.15741E-02 d    3 guilty:sigfh     
>>>FRED BASE IRRAD  6.71296E+02 d  1.15741E-02 d    4 guilty:sigfh     
>>>FRED BASE IRRAD  6.72454E+02 d  1.15741E-02 d    3 guilty:sigfh     
>>>FRED BASE IRRAD  6.73611E+02 d  1.15741E-02 d    4 guilty:sigfz     
>>>FRED BASE IRRAD  6.74769E+02 d  1.15741E-02 d    5 guilty:sigfh     
>>>FRED BASE IRRAD  6.75926E+02 d  1.15741E-02 d    3 guilty:sigfh     
>>>FRED BASE IRRAD  6.77083E+02 d  1.15741E-02 d    3 guilty:sigfh     
>>>FRED BASE IRRAD  6.78241E+02 d  1.15741E-02 d    4 guilty:sigfh     
>>>FRED BASE IRRAD  6.79398E+02 d  1.15741E-02 d    4 guilty:sigfz     
>>>FRED BASE IRRAD  6.80556E+02 d  1.15741E-02 d    3 guilty:sigfh     
>>>FRED BASE IRRAD  6.81713E+02 d  1.15741E-02 d    3 guilty:sigfh     
>>>FRED BASE IRRAD  6.82870E+02 d  1.15741E-02 d    4 guilty:sigfh     
>>>FRED BASE IRRAD  6.84028E+02 d  1.15741E-02 d    3 guilty:sigh      
>>>FRED BASE IRRAD  6.85185E+02 d  1.15741E-02 d    4 guilty:sigfh     
>>>FRED BASE IRRAD  6.86343E+02 d  1.15741E-02 d    4 guilty:sigfh     
>>>FRED BASE IRRAD  6.87500E+02 d  1.15741E-02 d    4 guilty:sigfz     
>>>FRED BASE IRRAD  6.88657E+02 d  1.15741E-02 d    3 guilty:sigfh     
>>>FRED BASE IRRAD  6.89815E+02 d  1.15741E-02 d    4 guilty:sigfz     
>>>FRED BASE IRRAD  6.90972E+02 d  1.15741E-02 d    3 guilty:sigfh     
>>>FRED BASE IRRAD  6.92130E+02 d  1.15741E-02 d    3 guilty:sigfz     
>>>FRED BASE IRRAD  6.93287E+02 d  1.15741E-02 d    5 guilty:sigfz     
>>>FRED BASE IRRAD  6.94444E+02 d  1.15741E-02 d    4 guilty:sigfz     
>>>FRED BASE IRRAD  6.95602E+02 d  1.15741E-02 d    6 guilty:sigfz     
>>>FRED BASE IRRAD  6.96759E+02 d  1.15741E-02 d    4 guilty:sigfz     
>>>FRED BASE IRRAD  6.97917E+02 d  1.15741E-02 d    3 guilty:sigfz     
>>>FRED BASE IRRAD  6.99074E+02 d  1.15741E-02 d    4 guilty:sigfz     
>>>FRED BASE IRRAD  7.00231E+02 d  1.15741E-02 d    3 guilty:sigfh     
>>>FRED BASE IRRAD  7.01389E+02 d  1.15741E-02 d    3 guilty:sigfz     
>>>FRED BASE IRRAD  7.02546E+02 d  1.15741E-02 d    3 guilty:sigfh     
>>>FRED BASE IRRAD  7.03704E+02 d  1.15741E-02 d    3 guilty:sigfh     
>>>FRED BASE IRRAD  7.04861E+02 d  1.15741E-02 d    4 guilty:sigfz     
>>>FRED BASE IRRAD  7.06019E+02 d  1.15741E-02 d    4 guilty:sigfh     
>>>FRED BASE IRRAD  7.07176E+02 d  1.15741E-02 d    4 guilty:sigfh     
>>>FRED BASE IRRAD  7.08333E+02 d  1.15741E-02 d    4 guilty:sigfh     
>>>FRED BASE IRRAD  7.09491E+02 d  1.15741E-02 d    3 guilty:sigh      
>>>FRED BASE IRRAD  7.10648E+02 d  1.15741E-02 d    4 guilty:sigfz     
>>>FRED BASE IRRAD  7.11806E+02 d  1.15741E-02 d    3 guilty:sigfh     
>>>FRED BASE IRRAD  7.12963E+02 d  1.15741E-02 d    4 guilty:sigh      
>>>FRED BASE IRRAD  7.14120E+02 d  1.15741E-02 d    4 guilty:sigfh     
>>>FRED BASE IRRAD  7.15278E+02 d  1.15741E-02 d    4 guilty:sigfh     
>>>FRED BASE IRRAD  7.16435E+02 d  1.15741E-02 d    3 guilty:sigfh     
>>>FRED BASE IRRAD  7.17593E+02 d  1.15741E-02 d    3 guilty:sigfz     
>>>FRED BASE IRRAD  7.18750E+02 d  1.15741E-02 d    3 guilty:sigfh     
>>>FRED BASE IRRAD  7.19907E+02 d  1.15741E-02 d    3 guilty:sigfh     
>>>FRED BASE IRRAD  7.21065E+02 d  1.15741E-02 d    3 guilty:sigfh     
>>>FRED BASE IRRAD  7.22222E+02 d  1.15741E-02 d    3 guilty:sigfh     
>>>FRED BASE IRRAD  7.23380E+02 d  1.15741E-02 d    3 guilty:sigh      
>>>FRED BASE IRRAD  7.24537E+02 d  1.15741E-02 d    3 guilty:sigfz     
>>>FRED BASE IRRAD  7.25694E+02 d  1.15741E-02 d    3 guilty:sigfz     
>>>FRED BASE IRRAD  7.26852E+02 d  1.15741E-02 d    4 guilty:sigfr     
>>>FRED BASE IRRAD  7.28009E+02 d  1.15741E-02 d    3 guilty:sigfh     
>>>FRED BASE IRRAD  7.29167E+02 d  1.15741E-02 d    3 guilty:sigfz     
>>>FRED BASE IRRAD  7.30324E+02 d  1.15741E-02 d    3 guilty:sigfh     
>>>FRED BASE IRRAD  7.31481E+02 d  1.15741E-02 d    3 guilty:sigfh     
>>>FRED BASE IRRAD  7.32639E+02 d  1.15741E-02 d    3 guilty:sigfh     
>>>FRED BASE IRRAD  7.33796E+02 d  1.15741E-02 d    3 guilty:sigfh     
>>>FRED BASE IRRAD  7.34954E+02 d  1.15741E-02 d    3 guilty:sigfh     
>>>FRED BASE IRRAD  7.36111E+02 d  1.15741E-02 d    4 guilty:sigfh     
>>>FRED BASE IRRAD  7.37269E+02 d  1.15741E-02 d    3 guilty:sigfh     
>>>FRED BASE IRRAD  7.38426E+02 d  1.15741E-02 d    3 guilty:sigfz     
>>>FRED BASE IRRAD  7.39583E+02 d  1.15741E-02 d    3 guilty:sigfh     
>>>FRED BASE IRRAD  7.40741E+02 d  1.15741E-02 d    3 guilty:sigfh     
>>>FRED BASE IRRAD  7.41898E+02 d  1.15741E-02 d    3 guilty:sigfh     
>>>FRED BASE IRRAD  7.43056E+02 d  1.15741E-02 d    4 guilty:sigfh     
>>>FRED BASE IRRAD  7.44213E+02 d  1.15741E-02 d    3 guilty:sigfh     
>>>FRED BASE IRRAD  7.45370E+02 d  1.15741E-02 d    4 guilty:sigfh     
>>>FRED BASE IRRAD  7.46528E+02 d  1.15741E-02 d    3 guilty:sigfh     
>>>FRED BASE IRRAD  7.47685E+02 d  1.15741E-02 d    3 guilty:sigfh     
>>>FRED BASE IRRAD  7.48843E+02 d  1.15741E-02 d    3 guilty:sigh      
>>>FRED BASE IRRAD  7.50000E+02 d  1.15741E-02 d    3 guilty:sigfh     
>>>FRED BASE IRRAD  7.51157E+02 d  1.15741E-02 d    3 guilty:sigfh     
>>>FRED BASE IRRAD  7.52315E+02 d  1.15741E-02 d    3 guilty:sigfh     
>>>FRED BASE IRRAD  7.53472E+02 d  1.15741E-02 d    3 guilty:sigfh     
>>>FRED BASE IRRAD  7.54630E+02 d  1.15741E-02 d    3 guilty:sigfh     
>>>FRED BASE IRRAD  7.55787E+02 d  1.15741E-02 d    3 guilty:sigfh     
>>>FRED BASE IRRAD  7.56944E+02 d  1.15741E-02 d    3 guilty:sigfh     
>>>FRED BASE IRRAD  7.58102E+02 d  1.15741E-02 d    3 guilty:sigfh     
>>>FRED BASE IRRAD  7.59259E+02 d  1.15741E-02 d    3 guilty:sigfr     
>>>FRED BASE IRRAD  7.60417E+02 d  1.15741E-02 d    4 guilty:sigfh     
>>>FRED BASE IRRAD  7.61574E+02 d  1.15741E-02 d    4 guilty:sigfz     
>>>FRED BASE IRRAD  7.62731E+02 d  1.15741E-02 d    4 guilty:sigfh     
>>>FRED BASE IRRAD  7.63889E+02 d  1.15741E-02 d    4 guilty:sigfr     
>>>FRED BASE IRRAD  7.65046E+02 d  1.15741E-02 d    4 guilty:sigfr     
>>>FRED BASE IRRAD  7.66204E+02 d  1.15741E-02 d    3 guilty:sigfr     
>>>FRED BASE IRRAD  7.67361E+02 d  1.15741E-02 d    4 guilty:sigfh     
>>>FRED BASE IRRAD  7.68519E+02 d  1.15741E-02 d    3 guilty:sigfh     
>>>FRED BASE IRRAD  7.69676E+02 d  1.15741E-02 d    4 guilty:sigfh     
>>>FRED BASE IRRAD  7.70833E+02 d  1.15741E-02 d    3 guilty:sigfh     
>>>FRED BASE IRRAD  7.71991E+02 d  1.15741E-02 d    3 guilty:sigfz     
>>>FRED BASE IRRAD  7.73148E+02 d  1.15741E-02 d    3 guilty:sigfr     
>>>FRED BASE IRRAD  7.74306E+02 d  1.15741E-02 d    4 guilty:sigfz     
>>>FRED BASE IRRAD  7.75463E+02 d  1.15741E-02 d    3 guilty:sigfz     
>>>FRED BASE IRRAD  7.76620E+02 d  1.15741E-02 d    4 guilty:sigfz     
>>>FRED BASE IRRAD  7.77778E+02 d  1.15741E-02 d    4 guilty:sigfh     
>>>FRED BASE IRRAD  7.78935E+02 d  1.15741E-02 d    3 guilty:sigfz     
>>>FRED BASE IRRAD  7.80093E+02 d  1.15741E-02 d    3 guilty:sigfh     
>>>FRED BASE IRRAD  7.81250E+02 d  1.15741E-02 d    3 guilty:sigfz     
>>>FRED BASE IRRAD  7.82407E+02 d  1.15741E-02 d    3 guilty:sigfh     
>>>FRED BASE IRRAD  7.83565E+02 d  1.15741E-02 d    3 guilty:sigfh     
>>>FRED BASE IRRAD  7.84722E+02 d  1.15741E-02 d    4 guilty:sigfh     
>>>FRED BASE IRRAD  7.85880E+02 d  1.15741E-02 d    3 guilty:sigfh     
>>>FRED BASE IRRAD  7.87037E+02 d  1.15741E-02 d    3 guilty:sigfh     
>>>FRED BASE IRRAD  7.88194E+02 d  1.15741E-02 d    3 guilty:sigfz     
>>>FRED BASE IRRAD  7.89352E+02 d  1.15741E-02 d    3 guilty:sigfh     
>>>FRED BASE IRRAD  7.90509E+02 d  1.15741E-02 d    3 guilty:sigfz     
>>>FRED BASE IRRAD  7.91667E+02 d  1.15741E-02 d    4 guilty:sigfr     
>>>FRED BASE IRRAD  7.92824E+02 d  1.15741E-02 d    3 guilty:sigfh     
>>>FRED BASE IRRAD  7.93981E+02 d  1.15741E-02 d    3 guilty:sigfz     
>>>FRED BASE IRRAD  7.95139E+02 d  1.15741E-02 d    3 guilty:sigfh     
>>>FRED BASE IRRAD  7.96296E+02 d  1.15741E-02 d    3 guilty:sigfz     
>>>FRED BASE IRRAD  7.97454E+02 d  1.15741E-02 d    3 guilty:sigfz     
>>>FRED BASE IRRAD  7.98611E+02 d  1.15741E-02 d    3 guilty:sigfh     
>>>FRED BASE IRRAD  7.99769E+02 d  1.15741E-02 d    3 guilty:sigfh     
>>>FRED BASE IRRAD  8.00926E+02 d  1.15741E-02 d    3 guilty:sigfh     
>>>FRED BASE IRRAD  8.02083E+02 d  1.15741E-02 d    4 guilty:sigfh     
>>>FRED BASE IRRAD  8.03241E+02 d  1.15741E-02 d    3 guilty:sigfh     
>>>FRED BASE IRRAD  8.04398E+02 d  1.15741E-02 d    3 guilty:sigfh     
>>>FRED BASE IRRAD  8.05556E+02 d  1.15741E-02 d    4 guilty:sigfh     
>>>FRED BASE IRRAD  8.06713E+02 d  1.15741E-02 d    3 guilty:sigh      
>>>FRED BASE IRRAD  8.07870E+02 d  1.15741E-02 d    3 guilty:sigh      
>>>FRED BASE IRRAD  8.09028E+02 d  1.15741E-02 d    4 guilty:sigfh     
>>>FRED BASE IRRAD  8.10185E+02 d  1.15741E-02 d    3 guilty:sigfh     
>>>FRED BASE IRRAD  8.11343E+02 d  1.15741E-02 d    4 guilty:sigfh     
>>>FRED BASE IRRAD  8.12500E+02 d  1.15741E-02 d    4 guilty:sigfh     
>>>FRED BASE IRRAD  8.13657E+02 d  1.15741E-02 d    4 guilty:sigfh     
>>>FRED BASE IRRAD  8.14815E+02 d  1.15741E-02 d    3 guilty:sigfz     
>>>FRED BASE IRRAD  8.15972E+02 d  1.15741E-02 d    4 guilty:sigfh     
>>>FRED BASE IRRAD  8.17130E+02 d  1.15741E-02 d    4 guilty:sigfh     
>>>FRED BASE IRRAD  8.18287E+02 d  1.15741E-02 d    5 guilty:sigfh     
>>>FRED BASE IRRAD  8.19444E+02 d  1.15741E-02 d    4 guilty:sigfz     
>>>FRED BASE IRRAD  8.20602E+02 d  1.15741E-02 d    4 guilty:sigfh     
>>>FRED BASE IRRAD  8.21759E+02 d  1.15741E-02 d    4 guilty:sigfh     
>>>FRED BASE IRRAD  8.22917E+02 d  1.15741E-02 d    3 guilty:sigfh     
>>>FRED BASE IRRAD  8.24074E+02 d  1.15741E-02 d    4 guilty:sigfh     
>>>FRED BASE IRRAD  8.25231E+02 d  1.15741E-02 d    4 guilty:sigfh     
>>>FRED BASE IRRAD  8.26389E+02 d  1.15741E-02 d    4 guilty:sigfh     
>>>FRED BASE IRRAD  8.27546E+02 d  1.15741E-02 d    4 guilty:sigfz     
>>>FRED BASE IRRAD  8.28704E+02 d  1.15741E-02 d    3 guilty:sigfh     
>>>FRED BASE IRRAD  8.29861E+02 d  1.15741E-02 d    3 guilty:sigfh     
>>>FRED BASE IRRAD  8.31019E+02 d  1.15741E-02 d    4 guilty:sigfh     
>>>FRED BASE IRRAD  8.32176E+02 d  1.15741E-02 d    4 guilty:sigfh     
>>>FRED BASE IRRAD  8.33333E+02 d  1.15741E-02 d    4 guilty:sigfh     
>>>FRED BASE IRRAD  8.34491E+02 d  1.15741E-02 d    3 guilty:sigfh     
>>>FRED BASE IRRAD  8.35648E+02 d  1.15741E-02 d    4 guilty:sigfh     
>>>FRED BASE IRRAD  8.36806E+02 d  1.15741E-02 d    4 guilty:sigfh     
>>>FRED BASE IRRAD  8.37963E+02 d  1.15741E-02 d    3 guilty:sigfz     
>>>FRED BASE IRRAD  8.39120E+02 d  1.15741E-02 d    3 guilty:sigfz     
>>>FRED BASE IRRAD  8.40278E+02 d  1.15741E-02 d    4 guilty:sigfz     
>>>FRED BASE IRRAD  8.41435E+02 d  1.15741E-02 d    4 guilty:sigfh     
>>>FRED BASE IRRAD  8.42593E+02 d  1.15741E-02 d    3 guilty:sigfz     
>>>FRED BASE IRRAD  8.43750E+02 d  1.15741E-02 d    4 guilty:sigfh     
>>>FRED BASE IRRAD  8.44907E+02 d  1.15741E-02 d    3 guilty:sigfh     
>>>FRED BASE IRRAD  8.46065E+02 d  1.15741E-02 d    3 guilty:sigfz     
>>>FRED BASE IRRAD  8.47222E+02 d  1.15741E-02 d    3 guilty:sigfh     
>>>FRED BASE IRRAD  8.48380E+02 d  1.15741E-02 d    4 guilty:sigfz     
>>>FRED BASE IRRAD  8.49537E+02 d  1.15741E-02 d    4 guilty:sigfh     
>>>FRED BASE IRRAD  8.50694E+02 d  1.15741E-02 d    4 guilty:sigfh     
>>>FRED BASE IRRAD  8.51852E+02 d  1.15741E-02 d    3 guilty:sigfh     
>>>FRED BASE IRRAD  8.53009E+02 d  1.15741E-02 d    4 guilty:sigfz     
>>>FRED BASE IRRAD  8.54167E+02 d  1.15741E-02 d    4 guilty:sigfz     
>>>FRED BASE IRRAD  8.55324E+02 d  1.15741E-02 d    4 guilty:sigfh     
>>>FRED BASE IRRAD  8.56481E+02 d  1.15741E-02 d    4 guilty:sigh      
>>>FRED BASE IRRAD  8.57639E+02 d  1.15741E-02 d    4 guilty:sigfz     
>>>FRED BASE IRRAD  8.58796E+02 d  1.15741E-02 d    4 guilty:sigfz     
>>>FRED BASE IRRAD  8.59954E+02 d  1.15741E-02 d    3 guilty:sigfh     
>>>FRED BASE IRRAD  8.61111E+02 d  1.15741E-02 d    3 guilty:sigfr     
>>>FRED BASE IRRAD  8.62269E+02 d  1.15741E-02 d    4 guilty:sigfz     
>>>FRED BASE IRRAD  8.63426E+02 d  1.15741E-02 d    3 guilty:sigfr     
>>>FRED BASE IRRAD  8.64583E+02 d  1.15741E-02 d    3 guilty:sigfr     
>>>FRED BASE IRRAD  8.65741E+02 d  1.15741E-02 d    4 guilty:sigfz     
>>>FRED BASE IRRAD  8.66898E+02 d  1.15741E-02 d    5 guilty:sigfz     
>>>FRED BASE IRRAD  8.68056E+02 d  1.15741E-02 d    4 guilty:sigfr     
>>>FRED BASE IRRAD  8.69213E+02 d  1.15741E-02 d    4 guilty:sigfz     
>>>FRED BASE IRRAD  8.70370E+02 d  1.15741E-02 d    4 guilty:sigfz     
>>>FRED BASE IRRAD  8.71528E+02 d  1.15741E-02 d    4 guilty:sigfh     
>>>FRED BASE IRRAD  8.72685E+02 d  1.15741E-02 d    3 guilty:sigfr     
>>>FRED BASE IRRAD  8.73843E+02 d  1.15741E-02 d    4 guilty:sigfz     
>>>FRED BASE IRRAD  8.75000E+02 d  1.15741E-02 d    3 guilty:sigfr     
>>>FRED BASE IRRAD  8.76157E+02 d  1.15741E-02 d    3 guilty:sigfr     
>>>FRED BASE IRRAD  8.77315E+02 d  1.15741E-02 d    3 guilty:sigfr     
>>>FRED BASE IRRAD  8.78472E+02 d  1.15741E-02 d    3 guilty:sigfh     
>>>FRED BASE IRRAD  8.79630E+02 d  1.15741E-02 d    3 guilty:sigfr     
>>>FRED BASE IRRAD  8.80787E+02 d  1.15741E-02 d    3 guilty:sigfh     
>>>FRED BASE IRRAD  8.81944E+02 d  1.15741E-02 d    3 guilty:sigfh     
>>>FRED BASE IRRAD  8.83102E+02 d  1.15741E-02 d    4 guilty:sigfh     
>>>FRED BASE IRRAD  8.84259E+02 d  1.15741E-02 d    3 guilty:sigfh     
>>>FRED BASE IRRAD  8.85417E+02 d  1.15741E-02 d    4 guilty:sigfh     
>>>FRED BASE IRRAD  8.86574E+02 d  1.15741E-02 d    3 guilty:sigh      
>>>FRED BASE IRRAD  8.87731E+02 d  1.15741E-02 d    3 guilty:sigfh     
>>>FRED BASE IRRAD  8.88889E+02 d  1.15741E-02 d    4 guilty:sigfh     
>>>FRED BASE IRRAD  8.90046E+02 d  1.15741E-02 d    3 guilty:sigfh     
>>>FRED BASE IRRAD  8.91204E+02 d  1.15741E-02 d    3 guilty:sigfh     
>>>FRED BASE IRRAD  8.92361E+02 d  1.15741E-02 d    4 guilty:sigfh     
>>>FRED BASE IRRAD  8.93519E+02 d  1.15741E-02 d    5 guilty:sigfh     
>>>FRED BASE IRRAD  8.94676E+02 d  1.15741E-02 d    4 guilty:sigfh     
>>>FRED BASE IRRAD  8.95833E+02 d  1.15741E-02 d    3 guilty:sigfh     
>>>FRED BASE IRRAD  8.96991E+02 d  1.15741E-02 d    3 guilty:sigfh     
>>>FRED BASE IRRAD  8.98148E+02 d  1.15741E-02 d    3 guilty:sigfh     
>>>FRED BASE IRRAD  8.99306E+02 d  1.15741E-02 d    3 guilty:sigfh     
>>>FRED BASE IRRAD  9.00463E+02 d  1.15741E-02 d    3 guilty:sigfh     
>>>FRED BASE IRRAD  9.01620E+02 d  1.15741E-02 d    4 guilty:sigfh     
>>>FRED BASE IRRAD  9.02778E+02 d  1.15741E-02 d    3 guilty:sigfh     
>>>FRED BASE IRRAD  9.03935E+02 d  1.15741E-02 d    3 guilty:sigfr     
>>>FRED BASE IRRAD  9.05093E+02 d  1.15741E-02 d    3 guilty:sigfh     
>>>FRED BASE IRRAD  9.06250E+02 d  1.15741E-02 d    4 guilty:sigfr     
>>>FRED BASE IRRAD  9.07407E+02 d  1.15741E-02 d    4 guilty:sigfh     
>>>FRED BASE IRRAD  9.08565E+02 d  1.15741E-02 d    4 guilty:sigfr     
>>>FRED BASE IRRAD  9.09722E+02 d  1.15741E-02 d    4 guilty:sigfr     
>>>FRED BASE IRRAD  9.10880E+02 d  1.15741E-02 d    4 guilty:sigfr     
>>>FRED BASE IRRAD  9.12037E+02 d  1.15741E-02 d    4 guilty:sigfh     
>>>FRED BASE IRRAD  9.13194E+02 d  1.15741E-02 d    3 guilty:sigfh     
>>>FRED BASE IRRAD  9.14352E+02 d  1.15741E-02 d    4 guilty:sigfr     
>>>FRED BASE IRRAD  9.15509E+02 d  1.15741E-02 d    3 guilty:sigfh     
>>>FRED BASE IRRAD  9.16667E+02 d  1.15741E-02 d    3 guilty:sigfh     
>>>FRED BASE IRRAD  9.17824E+02 d  1.15741E-02 d    3 guilty:sigh      
>>>FRED BASE IRRAD  9.18981E+02 d  1.15741E-02 d    3 guilty:sigfz     
>>>FRED BASE IRRAD  9.20139E+02 d  1.15741E-02 d    4 guilty:sigfh     
>>>FRED BASE IRRAD  9.21296E+02 d  1.15741E-02 d    3 guilty:sigfh     
>>>FRED BASE IRRAD  9.22454E+02 d  1.15741E-02 d    3 guilty:sigfh     
>>>FRED BASE IRRAD  9.23611E+02 d  1.15741E-02 d    3 guilty:sigfh     
>>>FRED BASE IRRAD  9.24769E+02 d  1.15741E-02 d    3 guilty:sigfh     
>>>FRED BASE IRRAD  9.25926E+02 d  1.15741E-02 d    4 guilty:sigfh     
>>>FRED BASE IRRAD  9.27083E+02 d  1.15741E-02 d    3 guilty:sigfh     
>>>FRED BASE IRRAD  9.28241E+02 d  1.15741E-02 d    4 guilty:sigfr     
>>>FRED BASE IRRAD  9.29398E+02 d  1.15741E-02 d    3 guilty:sigfh     
>>>FRED BASE IRRAD  9.30556E+02 d  1.15741E-02 d    3 guilty:sigfh     
>>>FRED BASE IRRAD  9.31713E+02 d  1.15741E-02 d    3 guilty:sigfh     
>>>FRED BASE IRRAD  9.32870E+02 d  1.15741E-02 d    4 guilty:sigfh     
>>>FRED BASE IRRAD  9.34028E+02 d  1.15741E-02 d    3 guilty:sigfh     
>>>FRED BASE IRRAD  9.35185E+02 d  1.15741E-02 d    4 guilty:sigfh     
>>>FRED BASE IRRAD  9.36343E+02 d  1.15741E-02 d    3 guilty:sigh      
>>>FRED BASE IRRAD  9.37500E+02 d  1.15741E-02 d    3 guilty:sigfh     
>>>FRED BASE IRRAD  9.38657E+02 d  1.15741E-02 d    3 guilty:sigfh     
>>>FRED BASE IRRAD  9.39815E+02 d  1.15741E-02 d    3 guilty:sigfr     
>>>FRED BASE IRRAD  9.40972E+02 d  1.15741E-02 d    3 guilty:sigfh     
>>>FRED BASE IRRAD  9.42130E+02 d  1.15741E-02 d    4 guilty:sigfh     
>>>FRED BASE IRRAD  9.43287E+02 d  1.15741E-02 d    4 guilty:sigfh     
>>>FRED BASE IRRAD  9.44444E+02 d  1.15741E-02 d    4 guilty:sigfh     
>>>FRED BASE IRRAD  9.45602E+02 d  1.15741E-02 d    4 guilty:sigfh     
>>>FRED BASE IRRAD  9.46759E+02 d  1.15741E-02 d    3 guilty:sigfh     
>>>FRED BASE IRRAD  9.47917E+02 d  1.15741E-02 d    3 guilty:sigfh     
>>>FRED BASE IRRAD  9.49074E+02 d  1.15741E-02 d    4 guilty:sigfh     
>>>FRED BASE IRRAD  9.50231E+02 d  1.15741E-02 d    3 guilty:sigfh     
>>>FRED BASE IRRAD  9.51389E+02 d  1.15741E-02 d    4 guilty:sigfh     
>>>FRED BASE IRRAD  9.52546E+02 d  1.15741E-02 d    4 guilty:sigfr     
>>>FRED BASE IRRAD  9.53704E+02 d  1.15741E-02 d    3 guilty:sigfh     
>>>FRED BASE IRRAD  9.54861E+02 d  1.15741E-02 d    4 guilty:sigfr     
>>>FRED BASE IRRAD  9.56019E+02 d  1.15741E-02 d    3 guilty:sigfr     
>>>FRED BASE IRRAD  9.57176E+02 d  1.15741E-02 d    4 guilty:sigfh     
>>>FRED BASE IRRAD  9.58333E+02 d  1.15741E-02 d    4 guilty:sigfr     
>>>FRED BASE IRRAD  9.59491E+02 d  1.15741E-02 d    4 guilty:sigfh     
>>>FRED BASE IRRAD  9.60648E+02 d  1.15741E-02 d    4 guilty:sigfh     
>>>FRED BASE IRRAD  9.61806E+02 d  1.15741E-02 d    3 guilty:sigfh     
>>>FRED BASE IRRAD  9.62963E+02 d  1.15741E-02 d    4 guilty:sigfh     
>>>FRED BASE IRRAD  9.64120E+02 d  1.15741E-02 d    3 guilty:sigfz     
>>>FRED BASE IRRAD  9.65278E+02 d  1.15741E-02 d    3 guilty:sigfh     
>>>FRED BASE IRRAD  9.66435E+02 d  1.15741E-02 d    5 guilty:sigfh     
>>>FRED BASE IRRAD  9.67593E+02 d  1.15741E-02 d    4 guilty:sigfh     
>>>FRED BASE IRRAD  9.68750E+02 d  1.15741E-02 d    4 guilty:sigfh     
>>>FRED BASE IRRAD  9.69907E+02 d  1.15741E-02 d    5 guilty:sigfh     
>>>FRED BASE IRRAD  9.71065E+02 d  1.15741E-02 d    4 guilty:sigfh     
>>>FRED BASE IRRAD  9.72222E+02 d  1.15741E-02 d    4 guilty:sigfh     
>>>FRED BASE IRRAD  9.73380E+02 d  1.15741E-02 d    4 guilty:sigfh     
>>>FRED BASE IRRAD  9.74537E+02 d  1.15741E-02 d    5 guilty:sigfh     
>>>FRED BASE IRRAD  9.75694E+02 d  1.15741E-02 d    6 guilty:sigfh     
>>>FRED BASE IRRAD  9.76852E+02 d  1.15741E-02 d    5 guilty:sigfh     
>>>FRED BASE IRRAD  9.78009E+02 d  1.15741E-02 d    5 guilty:sigfh     
>>>FRED BASE IRRAD  9.79167E+02 d  1.15741E-02 d    3 guilty:sigfh     
>>>FRED BASE IRRAD  9.80324E+02 d  1.15741E-02 d    4 guilty:sigfh     
>>>FRED BASE IRRAD  9.81481E+02 d  1.15741E-02 d    5 guilty:sigfh     
>>>FRED BASE IRRAD  9.82639E+02 d  1.15741E-02 d    4 guilty:sigfh     
>>>FRED BASE IRRAD  9.83796E+02 d  1.15741E-02 d    4 guilty:sigfh     
>>>FRED BASE IRRAD  9.84954E+02 d  1.15741E-02 d    4 guilty:sigfh     
>>>FRED BASE IRRAD  9.86111E+02 d  1.15741E-02 d    4 guilty:sigfh     
>>>FRED BASE IRRAD  9.87269E+02 d  1.15741E-02 d    4 guilty:sigfh     
>>>FRED BASE IRRAD  9.88426E+02 d  1.15741E-02 d    3 guilty:sigfh     
>>>FRED BASE IRRAD  9.89583E+02 d  1.15741E-02 d    4 guilty:sigfh     
>>>FRED BASE IRRAD  9.90741E+02 d  1.15741E-02 d    3 guilty:sigfh     
>>>FRED BASE IRRAD  9.91898E+02 d  1.15741E-02 d    4 guilty:sigfz     
>>>FRED BASE IRRAD  9.93056E+02 d  1.15741E-02 d    4 guilty:sigfz     
>>>FRED BASE IRRAD  9.94213E+02 d  1.15741E-02 d    3 guilty:sigfh     
>>>FRED BASE IRRAD  9.95370E+02 d  1.15741E-02 d    4 guilty:sigfr     
>>>FRED BASE IRRAD  9.96528E+02 d  1.15741E-02 d    3 guilty:sigfz     
>>>FRED BASE IRRAD  9.97685E+02 d  1.15741E-02 d    4 guilty:sigfh     
>>>FRED BASE IRRAD  9.98843E+02 d  1.15741E-02 d    5 guilty:sigfh     
>>>FRED BASE IRRAD  1.00000E+03 d  1.15741E-02 d    4 guilty:sigfh     
>>>FRED BASE IRRAD  1.00115E+03 d  1.15741E-02 d    4 guilty:sigfh     
>>>FRED BASE IRRAD  1.00230E+03 d  1.15741E-02 d    4 guilty:sigfh     
>>>FRED BASE IRRAD  1.00346E+03 d  1.15741E-02 d    4 guilty:sigfr     
>>>FRED BASE IRRAD  1.00462E+03 d  1.15741E-02 d    6 guilty:sigfh     
>>>FRED BASE IRRAD  1.00578E+03 d  1.15741E-02 d    4 guilty:sigfz     
>>>FRED BASE IRRAD  1.00693E+03 d  1.15741E-02 d    4 guilty:sigfr     
>>>FRED BASE IRRAD  1.00809E+03 d  1.15741E-02 d    5 guilty:sigfz     
>>>FRED BASE IRRAD  1.00925E+03 d  1.15741E-02 d    4 guilty:sigfz     
>>>FRED BASE IRRAD  1.01041E+03 d  1.15741E-02 d    5 guilty:sigfz     
>>>FRED BASE IRRAD  1.01156E+03 d  1.15741E-02 d    4 guilty:sigfz     
>>>FRED BASE IRRAD  1.01272E+03 d  1.15741E-02 d    5 guilty:sigfz     
>>>FRED BASE IRRAD  1.01388E+03 d  1.15741E-02 d    5 guilty:sigfh     
>>>FRED BASE IRRAD  1.01503E+03 d  1.15741E-02 d    4 guilty:sigfz     
>>>FRED BASE IRRAD  1.01619E+03 d  1.15741E-02 d    4 guilty:sigfz     
>>>FRED BASE IRRAD  1.01735E+03 d  1.15741E-02 d    3 guilty:sigfr     
>>>FRED BASE IRRAD  1.01851E+03 d  1.15741E-02 d    3 guilty:sigfh     
>>>FRED BASE IRRAD  1.01966E+03 d  1.15741E-02 d    4 guilty:sigfh     
>>>FRED BASE IRRAD  1.02082E+03 d  1.15741E-02 d    3 guilty:sigfr     
>>>FRED BASE IRRAD  1.02198E+03 d  1.15741E-02 d    4 guilty:sigfh     
>>>FRED BASE IRRAD  1.02314E+03 d  1.15741E-02 d    4 guilty:sigfr     
>>>FRED BASE IRRAD  1.02429E+03 d  1.15741E-02 d    4 guilty:sigfr     
>>>FRED BASE IRRAD  1.02545E+03 d  1.15741E-02 d    4 guilty:sigfr     
>>>FRED BASE IRRAD  1.02661E+03 d  1.15741E-02 d    4 guilty:sigfr     
>>>FRED BASE IRRAD  1.02777E+03 d  1.15741E-02 d    4 guilty:sigfz     
>>>FRED BASE IRRAD  1.02892E+03 d  1.15741E-02 d    4 guilty:sigfh     
>>>FRED BASE IRRAD  1.03008E+03 d  1.15741E-02 d    4 guilty:sigfz     
>>>FRED BASE IRRAD  1.03124E+03 d  1.15741E-02 d    3 guilty:sigfh     
>>>FRED BASE IRRAD  1.03240E+03 d  1.15741E-02 d    3 guilty:sigfz     
>>>FRED BASE IRRAD  1.03355E+03 d  1.15741E-02 d    4 guilty:sigfr     
>>>FRED BASE IRRAD  1.03471E+03 d  1.15741E-02 d    3 guilty:sigfz     
>>>FRED BASE IRRAD  1.03587E+03 d  1.15741E-02 d    3 guilty:sigfz     
>>>FRED BASE IRRAD  1.03703E+03 d  1.15741E-02 d    3 guilty:sigfr     
>>>FRED BASE IRRAD  1.03818E+03 d  1.15741E-02 d    4 guilty:sigfh     
>>>FRED BASE IRRAD  1.03934E+03 d  1.15741E-02 d    4 guilty:sigfh     
>>>FRED BASE IRRAD  1.04050E+03 d  1.15741E-02 d    3 guilty:sigfh     
>>>FRED BASE IRRAD  1.04166E+03 d  1.15741E-02 d    3 guilty:sigfz     
>>>FRED BASE IRRAD  1.04281E+03 d  1.15741E-02 d    3 guilty:sigh      
>>>FRED BASE IRRAD  1.04397E+03 d  1.15741E-02 d    3 guilty:sigfz     
>>>FRED BASE IRRAD  1.04513E+03 d  1.15741E-02 d    4 guilty:sigfh     
>>>FRED BASE IRRAD  1.04628E+03 d  1.15741E-02 d    4 guilty:sigfz     
>>>FRED BASE IRRAD  1.04744E+03 d  1.15741E-02 d    4 guilty:sigfz     
>>>FRED BASE IRRAD  1.04860E+03 d  1.15741E-02 d    3 guilty:sigfz     
>>>FRED BASE IRRAD  1.04976E+03 d  1.15741E-02 d    4 guilty:sigfr     
>>>FRED BASE IRRAD  1.05091E+03 d  1.15741E-02 d    3 guilty:sigfz     
>>>FRED BASE IRRAD  1.05207E+03 d  1.15741E-02 d    3 guilty:sigfz     
>>>FRED BASE IRRAD  1.05323E+03 d  1.15741E-02 d    4 guilty:sigfz     
>>>FRED BASE IRRAD  1.05439E+03 d  1.15741E-02 d    5 guilty:sigfz     
>>>FRED BASE IRRAD  1.05554E+03 d  1.15741E-02 d    4 guilty:sigfz     
>>>FRED BASE IRRAD  1.05670E+03 d  1.15741E-02 d    5 guilty:sigfh     
>>>FRED BASE IRRAD  1.05786E+03 d  1.15741E-02 d    4 guilty:sigfz     
>>>FRED BASE IRRAD  1.05902E+03 d  1.15741E-02 d    4 guilty:sigfr     
>>>FRED BASE IRRAD  1.06017E+03 d  1.15741E-02 d    4 guilty:sigfr     
>>>FRED BASE IRRAD  1.06133E+03 d  1.15741E-02 d    5 guilty:sigfr     
>>>FRED BASE IRRAD  1.06249E+03 d  1.15741E-02 d    4 guilty:sigfh     
>>>FRED BASE IRRAD  1.06365E+03 d  1.15741E-02 d    3 guilty:sigfr     
>>>FRED BASE IRRAD  1.06480E+03 d  1.15741E-02 d    4 guilty:sigfz     
>>>FRED BASE IRRAD  1.06596E+03 d  1.15741E-02 d    4 guilty:sigfz     
>>>FRED BASE IRRAD  1.06712E+03 d  1.15741E-02 d    5 guilty:sigfr     
>>>FRED BASE IRRAD  1.06828E+03 d  1.15741E-02 d    4 guilty:sigfh     
>>>FRED BASE IRRAD  1.06943E+03 d  1.15741E-02 d    4 guilty:sigfh     
>>>FRED BASE IRRAD  1.07059E+03 d  1.15741E-02 d    3 guilty:sigfz     
>>>FRED BASE IRRAD  1.07175E+03 d  1.15741E-02 d    3 guilty:sigfz     
>>>FRED BASE IRRAD  1.07291E+03 d  1.15741E-02 d    4 guilty:sigfh     
>>>FRED BASE IRRAD  1.07406E+03 d  1.15741E-02 d    3 guilty:sigfr     
>>>FRED BASE IRRAD  1.07522E+03 d  1.15741E-02 d    3 guilty:sigfz     
>>>FRED BASE IRRAD  1.07638E+03 d  1.15741E-02 d    4 guilty:sigfh     
>>>FRED BASE IRRAD  1.07753E+03 d  1.15741E-02 d    3 guilty:sigfh     
>>>FRED BASE IRRAD  1.07869E+03 d  1.15741E-02 d    4 guilty:sigfh     
>>>FRED BASE IRRAD  1.07985E+03 d  1.15741E-02 d    4 guilty:sigfh     
>>>FRED BASE IRRAD  1.08101E+03 d  1.15741E-02 d    4 guilty:sigfh     
>>>FRED BASE IRRAD  1.08216E+03 d  1.15741E-02 d    5 guilty:sigfh     
>>>FRED BASE IRRAD  1.08332E+03 d  1.15741E-02 d    4 guilty:sigfh     
>>>FRED BASE IRRAD  1.08448E+03 d  1.15741E-02 d    5 guilty:sigfz     
>>>FRED BASE IRRAD  1.08564E+03 d  1.15741E-02 d    4 guilty:sigfz     
>>>FRED BASE IRRAD  1.08679E+03 d  1.15741E-02 d    4 guilty:sigfr     
>>>FRED BASE IRRAD  1.08795E+03 d  1.15741E-02 d    4 guilty:sigfh     
>>>FRED BASE IRRAD  1.08911E+03 d  1.15741E-02 d    4 guilty:sigfr     
>>>FRED BASE IRRAD  1.09027E+03 d  1.15741E-02 d    4 guilty:sigfr     
>>>FRED BASE IRRAD  1.09142E+03 d  1.15741E-02 d    4 guilty:sigfr     
>>>FRED BASE IRRAD  1.09258E+03 d  1.15741E-02 d    4 guilty:sigfh     
>>>FRED BASE IRRAD  1.09374E+03 d  1.15741E-02 d    4 guilty:sigfh     
>>>FRED BASE IRRAD  1.09490E+03 d  1.15741E-02 d    4 guilty:sigfh     
>>>FRED BASE IRRAD  1.09605E+03 d  1.15741E-02 d    4 guilty:sigfr     
>>>FRED BASE IRRAD  1.09721E+03 d  1.15741E-02 d    4 guilty:sigh      
>>>FRED BASE IRRAD  1.09837E+03 d  1.15741E-02 d    3 guilty:sigfh     
>>>FRED BASE IRRAD  1.09953E+03 d  1.15741E-02 d    4 guilty:sigfh     
>>>FRED BASE IRRAD  1.10068E+03 d  1.15741E-02 d    3 guilty:sigfh     
>>>FRED BASE IRRAD  1.10184E+03 d  1.15741E-02 d    3 guilty:sigfh     
>>>FRED BASE IRRAD  1.10300E+03 d  1.15741E-02 d    3 guilty:sigfh     
>>>FRED BASE IRRAD  1.10416E+03 d  1.15741E-02 d    3 guilty:sigfh     
>>>FRED BASE IRRAD  1.10531E+03 d  1.15741E-02 d    4 guilty:sigfh     
>>>FRED BASE IRRAD  1.10647E+03 d  1.15741E-02 d    4 guilty:sigfr     
>>>FRED BASE IRRAD  1.10763E+03 d  1.15741E-02 d    4 guilty:sigfh     
>>>FRED BASE IRRAD  1.10878E+03 d  1.15741E-02 d    5 guilty:sigfh     
>>>FRED BASE IRRAD  1.10994E+03 d  1.15741E-02 d    4 guilty:sigfh     
>>>FRED BASE IRRAD  1.11110E+03 d  1.15741E-02 d    4 guilty:sigfr     
>>>FRED BASE IRRAD  1.11226E+03 d  1.15741E-02 d    4 guilty:sigfz     
>>>FRED BASE IRRAD  1.11341E+03 d  1.15741E-02 d    4 guilty:sigfr     
>>>FRED BASE IRRAD  1.11457E+03 d  1.15741E-02 d    5 guilty:sigfz     
>>>FRED BASE IRRAD  1.11573E+03 d  1.15741E-02 d    5 guilty:sigfh     
>>>FRED BASE IRRAD  1.11689E+03 d  1.15741E-02 d    4 guilty:sigfr     
>>>FRED BASE IRRAD  1.11804E+03 d  1.15741E-02 d    5 guilty:sigfh     
>>>FRED BASE IRRAD  1.11920E+03 d  1.15741E-02 d    4 guilty:sigfz     
>>>FRED BASE IRRAD  1.12036E+03 d  1.15741E-02 d    4 guilty:sigfh     
>>>FRED BASE IRRAD  1.12152E+03 d  1.15741E-02 d    3 guilty:sigfr     
>>>FRED BASE IRRAD  1.12267E+03 d  1.15741E-02 d    4 guilty:sigfr     
>>>FRED BASE IRRAD  1.12383E+03 d  1.15741E-02 d    4 guilty:sigfr     
>>>FRED BASE IRRAD  1.12499E+03 d  1.15741E-02 d    4 guilty:sigfr     
>>>FRED BASE IRRAD  1.12615E+03 d  1.15741E-02 d    4 guilty:sigfz     
>>>FRED BASE IRRAD  1.12730E+03 d  1.15741E-02 d    4 guilty:sigfr     
>>>FRED BASE IRRAD  1.12846E+03 d  1.15741E-02 d    4 guilty:sigfh     
>>>FRED BASE IRRAD  1.12962E+03 d  1.15741E-02 d    3 guilty:sigfh     
>>>FRED BASE IRRAD  1.13078E+03 d  1.15741E-02 d    4 guilty:sigfh     
>>>FRED BASE IRRAD  1.13193E+03 d  1.15741E-02 d    4 guilty:sigfh     
>>>FRED BASE IRRAD  1.13309E+03 d  1.15741E-02 d    4 guilty:sigfh     
>>>FRED BASE IRRAD  1.13425E+03 d  1.15741E-02 d    6 guilty:sigfh     
>>>FRED BASE IRRAD  1.13541E+03 d  1.15741E-02 d    4 guilty:sigfh     
>>>FRED BASE IRRAD  1.13656E+03 d  1.15741E-02 d    4 guilty:sigfz     
>>>FRED BASE IRRAD  1.13772E+03 d  1.15741E-02 d    4 guilty:sigfr     
>>>FRED BASE IRRAD  1.13888E+03 d  1.15741E-02 d    4 guilty:sigfz     
>>>FRED BASE IRRAD  1.14003E+03 d  1.15741E-02 d    4 guilty:sigfh     
>>>FRED BASE IRRAD  1.14119E+03 d  1.15741E-02 d    3 guilty:sigfr     
>>>FRED BASE IRRAD  1.14235E+03 d  1.15741E-02 d    3 guilty:sigfh     
>>>FRED BASE IRRAD  1.14351E+03 d  1.15741E-02 d    3 guilty:sigfh     
>>>FRED BASE IRRAD  1.14466E+03 d  1.15741E-02 d    4 guilty:sigfr     
>>>FRED BASE IRRAD  1.14582E+03 d  1.15741E-02 d    4 guilty:sigfh     
>>>FRED BASE IRRAD  1.14698E+03 d  1.15741E-02 d    3 guilty:sigfh     
>>>FRED BASE IRRAD  1.14814E+03 d  1.15741E-02 d    4 guilty:sigfr     
>>>FRED BASE IRRAD  1.14929E+03 d  1.15741E-02 d    3 guilty:sigh      
>>>FRED BASE IRRAD  1.15045E+03 d  1.15741E-02 d    4 guilty:sigfh     
>>>FRED BASE IRRAD  1.15161E+03 d  1.15741E-02 d    3 guilty:sigfr     
>>>FRED BASE IRRAD  1.15277E+03 d  1.15741E-02 d    3 guilty:sigfr     
>>>FRED BASE IRRAD  1.15392E+03 d  1.15741E-02 d    3 guilty:sigfr     
>>>FRED BASE IRRAD  1.15508E+03 d  1.15741E-02 d    5 guilty:sigfh     
>>>FRED BASE IRRAD  1.15624E+03 d  1.15741E-02 d    4 guilty:sigfh     
>>>FRED BASE IRRAD  1.15740E+03 d  1.15741E-02 d    5 guilty:sigfh     
>>>FRED BASE IRRAD  1.15855E+03 d  1.15741E-02 d    4 guilty:sigfr     
>>>FRED BASE IRRAD  1.15971E+03 d  1.15741E-02 d    4 guilty:sigfr     
>>>FRED BASE IRRAD  1.16087E+03 d  1.15741E-02 d    4 guilty:sigfz     
>>>FRED BASE IRRAD  1.16203E+03 d  1.15741E-02 d    5 guilty:sigfz     
>>>FRED BASE IRRAD  1.16318E+03 d  1.15741E-02 d    4 guilty:sigfz     
>>>FRED BASE IRRAD  1.16434E+03 d  1.15741E-02 d    5 guilty:sigfz     
>>>FRED BASE IRRAD  1.16550E+03 d  1.15741E-02 d    5 guilty:sigfz     
>>>FRED BASE IRRAD  1.16666E+03 d  1.15741E-02 d    4 guilty:sigfz     
>>>FRED BASE IRRAD  1.16781E+03 d  1.15741E-02 d    4 guilty:sigfz     
>>>FRED BASE IRRAD  1.16897E+03 d  1.15741E-02 d    3 guilty:sigfz     
>>>FRED BASE IRRAD  1.17013E+03 d  1.15741E-02 d    3 guilty:sigfz     
>>>FRED BASE IRRAD  1.17128E+03 d  1.15741E-02 d    3 guilty:sigfr     
>>>FRED BASE IRRAD  1.17244E+03 d  1.15741E-02 d    3 guilty:sigfh     
>>>FRED BASE IRRAD  1.17360E+03 d  1.15741E-02 d    4 guilty:sigfr     
>>>FRED BASE IRRAD  1.17476E+03 d  1.15741E-02 d    4 guilty:sigfr     
>>>FRED BASE IRRAD  1.17591E+03 d  1.15741E-02 d    4 guilty:sigfh     
>>>FRED BASE IRRAD  1.17707E+03 d  1.15741E-02 d    4 guilty:sigfh     
>>>FRED BASE IRRAD  1.17823E+03 d  1.15741E-02 d    4 guilty:sigfz     
>>>FRED BASE IRRAD  1.17939E+03 d  1.15741E-02 d    4 guilty:sigfz     
>>>FRED BASE IRRAD  1.18054E+03 d  1.15741E-02 d    4 guilty:sigfh     
>>>FRED BASE IRRAD  1.18170E+03 d  1.15741E-02 d    4 guilty:sigfh     
>>>FRED BASE IRRAD  1.18286E+03 d  1.15741E-02 d    4 guilty:sigfz     
>>>FRED BASE IRRAD  1.18402E+03 d  1.15741E-02 d    3 guilty:sigfh     
>>>FRED BASE IRRAD  1.18517E+03 d  1.15741E-02 d    4 guilty:sigfr     
>>>FRED BASE IRRAD  1.18633E+03 d  1.15741E-02 d    4 guilty:sigfr     
>>>FRED BASE IRRAD  1.18749E+03 d  1.15741E-02 d    4 guilty:sigfz     
>>>FRED BASE IRRAD  1.18865E+03 d  1.15741E-02 d    4 guilty:sigfr     
>>>FRED BASE IRRAD  1.18980E+03 d  1.15741E-02 d    3 guilty:sigfr     
>>>FRED BASE IRRAD  1.19096E+03 d  1.15741E-02 d    4 guilty:sigfr     
>>>FRED BASE IRRAD  1.19212E+03 d  1.15741E-02 d    4 guilty:sigfr     
>>>FRED BASE IRRAD  1.19328E+03 d  1.15741E-02 d    3 guilty:sigfh     
>>>FRED BASE IRRAD  1.19443E+03 d  1.15741E-02 d    3 guilty:sigfr     
>>>FRED BASE IRRAD  1.19559E+03 d  1.15741E-02 d    4 guilty:sigh      
>>>FRED BASE IRRAD  1.19675E+03 d  1.15741E-02 d    3 guilty:sigfr     
>>>FRED BASE IRRAD  1.19791E+03 d  1.15741E-02 d    3 guilty:sigfr     
>>>FRED BASE IRRAD  1.19906E+03 d  1.15741E-02 d    3 guilty:sigfr     
>>>FRED BASE IRRAD  1.20022E+03 d  1.15741E-02 d    4 guilty:sigfr     
>>>FRED BASE IRRAD  1.20138E+03 d  1.15741E-02 d    4 guilty:sigfh     
>>>FRED BASE IRRAD  1.20253E+03 d  1.15741E-02 d    3 guilty:sigfr     
>>>FRED BASE IRRAD  1.20369E+03 d  1.15741E-02 d    3 guilty:sigfr     
>>>FRED BASE IRRAD  1.20485E+03 d  1.15741E-02 d    3 guilty:sigfr     
>>>FRED BASE IRRAD  1.20601E+03 d  1.15741E-02 d    4 guilty:sigfr     
>>>FRED BASE IRRAD  1.20716E+03 d  1.15741E-02 d    4 guilty:sigh      
>>>FRED BASE IRRAD  1.20832E+03 d  1.15741E-02 d    5 guilty:sigfr     
>>>FRED BASE IRRAD  1.20948E+03 d  1.15741E-02 d    4 guilty:sigfr     
>>>FRED BASE IRRAD  1.21064E+03 d  1.15741E-02 d    4 guilty:sigfr     
>>>FRED BASE IRRAD  1.21179E+03 d  1.15741E-02 d    4 guilty:sigfr     
>>>FRED BASE IRRAD  1.21295E+03 d  1.15741E-02 d    4 guilty:sigfr     
>>>FRED BASE IRRAD  1.21411E+03 d  1.15741E-02 d    4 guilty:sigfr     
>>>FRED BASE IRRAD  1.21527E+03 d  1.15741E-02 d    4 guilty:sigfr     
>>>FRED BASE IRRAD  1.21642E+03 d  1.15741E-02 d    4 guilty:sigfr     
>>>FRED BASE IRRAD  1.21758E+03 d  1.15741E-02 d    4 guilty:sigfh     
>>>FRED BASE IRRAD  1.21874E+03 d  1.15741E-02 d    4 guilty:sigfh     
>>>FRED BASE IRRAD  1.21990E+03 d  1.15741E-02 d    4 guilty:sigfh     
>>>FRED BASE IRRAD  1.22105E+03 d  1.15741E-02 d    5 guilty:sigfh     
>>>FRED BASE IRRAD  1.22221E+03 d  1.15741E-02 d    4 guilty:sigfr     
>>>FRED BASE IRRAD  1.22337E+03 d  1.15741E-02 d    4 guilty:sigfh     
>>>FRED BASE IRRAD  1.22453E+03 d  1.15741E-02 d    4 guilty:sigfr     
>>>FRED BASE IRRAD  1.22568E+03 d  1.15741E-02 d    4 guilty:sigfh     
>>>FRED BASE IRRAD  1.22684E+03 d  1.15741E-02 d    4 guilty:sigfr     
>>>FRED BASE IRRAD  1.22800E+03 d  1.15741E-02 d    3 guilty:sigfh     
>>>FRED BASE IRRAD  1.22916E+03 d  1.15741E-02 d    4 guilty:sigfh     
>>>FRED BASE IRRAD  1.23031E+03 d  1.15741E-02 d    3 guilty:sigfh     
>>>FRED BASE IRRAD  1.23147E+03 d  1.15741E-02 d    4 guilty:sigfr     
>>>FRED BASE IRRAD  1.23263E+03 d  1.15741E-02 d    4 guilty:sigfr     
>>>FRED BASE IRRAD  1.23378E+03 d  1.15741E-02 d    3 guilty:sigfr     
>>>FRED BASE IRRAD  1.23494E+03 d  1.15741E-02 d    4 guilty:sigh      
>>>FRED BASE IRRAD  1.23610E+03 d  1.15741E-02 d    3 guilty:sigh      
>>>FRED BASE IRRAD  1.23726E+03 d  1.15741E-02 d    3 guilty:sigfr     
>>>FRED BASE IRRAD  1.23841E+03 d  1.15741E-02 d    3 guilty:sigfr     
>>>FRED BASE IRRAD  1.23957E+03 d  1.15741E-02 d    3 guilty:sigh      
>>>FRED BASE IRRAD  1.24073E+03 d  1.15741E-02 d    3 guilty:sigfr     
>>>FRED BASE IRRAD  1.24189E+03 d  1.15741E-02 d    5 guilty:sigfr     
>>>FRED BASE IRRAD  1.24304E+03 d  1.15741E-02 d    4 guilty:sigfr     
>>>FRED BASE IRRAD  1.24420E+03 d  1.15741E-02 d    4 guilty:sigfr     
>>>FRED BASE IRRAD  1.24536E+03 d  1.15741E-02 d    5 guilty:sigfr     
>>>FRED BASE IRRAD  1.24652E+03 d  1.15741E-02 d    4 guilty:sigfr     
>>>FRED BASE IRRAD  1.24767E+03 d  1.15741E-02 d    4 guilty:sigfr     
>>>FRED BASE IRRAD  1.24883E+03 d  1.15741E-02 d    4 guilty:sigfr     
>>>FRED BASE IRRAD  1.24999E+03 d  1.15741E-02 d    4 guilty:sigfr     
>>>FRED BASE IRRAD  1.25115E+03 d  1.15741E-02 d    4 guilty:sigfr     
>>>FRED BASE IRRAD  1.25230E+03 d  1.15741E-02 d    4 guilty:sigfr     
>>>FRED BASE IRRAD  1.25346E+03 d  1.15741E-02 d    5 guilty:sigfh     
>>>FRED BASE IRRAD  1.25462E+03 d  1.15741E-02 d    4 guilty:sigfr     
>>>FRED BASE IRRAD  1.25578E+03 d  1.15741E-02 d    4 guilty:sigfr     
>>>FRED BASE IRRAD  1.25693E+03 d  1.15741E-02 d    4 guilty:sigfz     
>>>FRED BASE IRRAD  1.25809E+03 d  1.15741E-02 d    3 guilty:sigfz     
>>>FRED BASE IRRAD  1.25925E+03 d  1.15741E-02 d    3 guilty:sigfh     
>>>FRED BASE IRRAD  1.26041E+03 d  1.15741E-02 d    3 guilty:sigfr     
>>>FRED BASE IRRAD  1.26156E+03 d  1.15741E-02 d    3 guilty:sigfr     
>>>FRED BASE IRRAD  1.26272E+03 d  1.15741E-02 d    3 guilty:sigfr     
>>>FRED BASE IRRAD  1.26388E+03 d  1.15741E-02 d    4 guilty:sigfh     
>>>FRED BASE IRRAD  1.26503E+03 d  1.15741E-02 d    4 guilty:sigfh     
>>>FRED BASE IRRAD  1.26619E+03 d  1.15741E-02 d    3 guilty:sigfh     
>>>FRED BASE IRRAD  1.26735E+03 d  1.15741E-02 d    4 guilty:sigfh     
>>>FRED BASE IRRAD  1.26851E+03 d  1.15741E-02 d    5 guilty:sigfr     
>>>FRED BASE IRRAD  1.26966E+03 d  1.15741E-02 d    4 guilty:sigfr     
>>>FRED BASE IRRAD  1.27082E+03 d  1.15741E-02 d    4 guilty:sigfh     
>>>FRED BASE IRRAD  1.27198E+03 d  1.15741E-02 d    4 guilty:sigh      
>>>FRED BASE IRRAD  1.27314E+03 d  1.15741E-02 d    4 guilty:sigfr     
>>>FRED BASE IRRAD  1.27429E+03 d  1.15741E-02 d    3 guilty:sigfh     
>>>FRED BASE IRRAD  1.27545E+03 d  1.15741E-02 d    4 guilty:sigfh     
>>>FRED BASE IRRAD  1.27661E+03 d  1.15741E-02 d    3 guilty:sigfr     
>>>FRED BASE IRRAD  1.27777E+03 d  1.15741E-02 d    3 guilty:sigfh     
>>>FRED BASE IRRAD  1.27892E+03 d  1.15741E-02 d    3 guilty:sigfh     
>>>FRED BASE IRRAD  1.28008E+03 d  1.15741E-02 d    3 guilty:sigh      
>>>FRED BASE IRRAD  1.28124E+03 d  1.15741E-02 d    3 guilty:sigfh     
>>>FRED BASE IRRAD  1.28240E+03 d  1.15741E-02 d    3 guilty:sigfh     
>>>FRED BASE IRRAD  1.28355E+03 d  1.15741E-02 d    4 guilty:sigfz     
>>>FRED BASE IRRAD  1.28471E+03 d  1.15741E-02 d    4 guilty:sigfh     
>>>FRED BASE IRRAD  1.28587E+03 d  1.15741E-02 d    4 guilty:sigfh     
>>>FRED BASE IRRAD  1.28703E+03 d  1.15741E-02 d    5 guilty:sigfz     
>>>FRED BASE IRRAD  1.28818E+03 d  1.15741E-02 d    4 guilty:sigfh     
>>>FRED BASE IRRAD  1.28934E+03 d  1.15741E-02 d    5 guilty:sigfh     
>>>FRED BASE IRRAD  1.29050E+03 d  1.15741E-02 d    4 guilty:sigfz     
>>>FRED BASE IRRAD  1.29166E+03 d  1.15741E-02 d    5 guilty:sigfz     
>>>FRED BASE IRRAD  1.29281E+03 d  1.15741E-02 d    4 guilty:sigfz     
>>>FRED BASE IRRAD  1.29397E+03 d  1.15741E-02 d    4 guilty:sigfz     
>>>FRED BASE IRRAD  1.29513E+03 d  1.15741E-02 d    4 guilty:sigfz     
>>>FRED BASE IRRAD  1.29628E+03 d  1.15741E-02 d    3 guilty:sigfr     
>>>FRED BASE IRRAD  1.29744E+03 d  1.15741E-02 d    3 guilty:sigfh     
>>>FRED BASE IRRAD  1.29860E+03 d  1.15741E-02 d    3 guilty:sigfr     
>>>FRED BASE IRRAD  1.29976E+03 d  1.15741E-02 d    4 guilty:sigfr     
>>>FRED BASE IRRAD  1.30091E+03 d  1.15741E-02 d    4 guilty:sigfr     
>>>FRED BASE IRRAD  1.30207E+03 d  1.15741E-02 d    4 guilty:sigfr     
>>>FRED BASE IRRAD  1.30323E+03 d  1.15741E-02 d    4 guilty:sigfr     
>>>FRED BASE IRRAD  1.30439E+03 d  1.15741E-02 d    4 guilty:sigfz     
>>>FRED BASE IRRAD  1.30554E+03 d  1.15741E-02 d    4 guilty:sigfz     
>>>FRED BASE IRRAD  1.30670E+03 d  1.15741E-02 d    4 guilty:sigfz     
>>>FRED BASE IRRAD  1.30786E+03 d  1.15741E-02 d    4 guilty:sigfh     
>>>FRED BASE IRRAD  1.30902E+03 d  1.15741E-02 d    4 guilty:sigfh     
>>>FRED BASE IRRAD  1.31017E+03 d  1.15741E-02 d    4 guilty:sigfh     
>>>FRED BASE IRRAD  1.31133E+03 d  1.15741E-02 d    4 guilty:sigfh     
>>>FRED BASE IRRAD  1.31249E+03 d  1.15741E-02 d    4 guilty:sigfz     
>>>FRED BASE IRRAD  1.31365E+03 d  1.15741E-02 d    4 guilty:sigfh     
>>>FRED BASE IRRAD  1.31480E+03 d  1.15741E-02 d    4 guilty:sigfh     
>>>FRED BASE IRRAD  1.31596E+03 d  1.15741E-02 d    3 guilty:sigfh     
>>>FRED BASE IRRAD  1.31712E+03 d  1.15741E-02 d    4 guilty:sigfh     
>>>FRED BASE IRRAD  1.31828E+03 d  1.15741E-02 d    3 guilty:sigfh     
>>>FRED BASE IRRAD  1.31943E+03 d  1.15741E-02 d    4 guilty:sigfh     
>>>FRED BASE IRRAD  1.32059E+03 d  1.15741E-02 d    4 guilty:sigfh     
>>>FRED BASE IRRAD  1.32175E+03 d  1.15741E-02 d    4 guilty:sigfh     
>>>FRED BASE IRRAD  1.32291E+03 d  1.15741E-02 d    4 guilty:sigfh     
>>>FRED BASE IRRAD  1.32406E+03 d  1.15741E-02 d    4 guilty:sigfh     
>>>FRED BASE IRRAD  1.32522E+03 d  1.15741E-02 d    5 guilty:sigfh     
>>>FRED BASE IRRAD  1.32638E+03 d  1.15741E-02 d    5 guilty:sigfh     
>>>FRED BASE IRRAD  1.32753E+03 d  1.15741E-02 d    6 guilty:sigfh     
>>>FRED BASE IRRAD  1.32869E+03 d  1.15741E-02 d    4 guilty:sigfh     
>>>FRED BASE IRRAD  1.32985E+03 d  1.15741E-02 d    4 guilty:sigfh     
>>>FRED BASE IRRAD  1.33101E+03 d  1.15741E-02 d    5 guilty:sigfh     
>>>FRED BASE IRRAD  1.33216E+03 d  1.15741E-02 d    5 guilty:sigfh     
>>>FRED BASE IRRAD  1.33332E+03 d  1.15741E-02 d    4 guilty:sigfh     
>>>FRED BASE IRRAD  1.33448E+03 d  1.15741E-02 d    4 guilty:sigfh     
>>>FRED BASE IRRAD  1.33564E+03 d  1.15741E-02 d    5 guilty:sigfr     
>>>FRED BASE IRRAD  1.33679E+03 d  1.15741E-02 d    4 guilty:sigfr     
>>>FRED BASE IRRAD  1.33795E+03 d  1.15741E-02 d    4 guilty:sigfh     
>>>FRED BASE IRRAD  1.33911E+03 d  1.15741E-02 d    4 guilty:sigfr     
>>>FRED BASE IRRAD  1.34027E+03 d  1.15741E-02 d    4 guilty:sigfh     
>>>FRED BASE IRRAD  1.34142E+03 d  1.15741E-02 d    4 guilty:sigfr     
>>>FRED BASE IRRAD  1.34258E+03 d  1.15741E-02 d    5 guilty:sigfh     
>>>FRED BASE IRRAD  1.34374E+03 d  1.15741E-02 d    4 guilty:sigfr     
>>>FRED BASE IRRAD  1.34490E+03 d  1.15741E-02 d    5 guilty:sigfr     
>>>FRED BASE IRRAD  1.34605E+03 d  1.15741E-02 d    4 guilty:sigfh     
>>>FRED BASE IRRAD  1.34721E+03 d  1.15741E-02 d    4 guilty:sigfh     
>>>FRED BASE IRRAD  1.34837E+03 d  1.15741E-02 d    4 guilty:sigfh     
>>>FRED BASE IRRAD  1.34953E+03 d  1.15741E-02 d    4 guilty:sigfh     
>>>FRED BASE IRRAD  1.35068E+03 d  1.15741E-02 d    4 guilty:sigfh     
>>>FRED BASE IRRAD  1.35184E+03 d  1.15741E-02 d    4 guilty:sigfr     
>>>FRED BASE IRRAD  1.35300E+03 d  1.15741E-02 d    4 guilty:sigfr     
>>>FRED BASE IRRAD  1.35416E+03 d  1.15741E-02 d    6 guilty:sigfh     
>>>FRED BASE IRRAD  1.35531E+03 d  1.15741E-02 d    4 guilty:sigfh     
>>>FRED BASE IRRAD  1.35647E+03 d  1.15741E-02 d    4 guilty:sigfh     
>>>FRED BASE IRRAD  1.35763E+03 d  1.15741E-02 d    4 guilty:sigfr     
>>>FRED BASE IRRAD  1.35878E+03 d  1.15741E-02 d    4 guilty:sigh      
>>>FRED BASE IRRAD  1.35994E+03 d  1.15741E-02 d    3 guilty:sigfh     
>>>FRED BASE IRRAD  1.36110E+03 d  1.15741E-02 d    4 guilty:sigfr     
>>>FRED BASE IRRAD  1.36226E+03 d  1.15741E-02 d    4 guilty:sigh      
>>>FRED BASE IRRAD  1.36341E+03 d  1.15741E-02 d    4 guilty:sigfr     
>>>FRED BASE IRRAD  1.36457E+03 d  1.15741E-02 d    4 guilty:sigfr     
>>>FRED BASE IRRAD  1.36573E+03 d  1.15741E-02 d    5 guilty:sigfr     
>>>FRED BASE IRRAD  1.36689E+03 d  1.15741E-02 d    4 guilty:sigfh     
>>>FRED BASE IRRAD  1.36804E+03 d  1.15741E-02 d    5 guilty:sigfr     
>>>FRED BASE IRRAD  1.36920E+03 d  1.15741E-02 d    4 guilty:sigfr     
>>>FRED BASE IRRAD  1.37036E+03 d  1.15741E-02 d    4 guilty:sigfh     
>>>FRED BASE IRRAD  1.37152E+03 d  1.15741E-02 d    4 guilty:sigfh     
>>>FRED BASE IRRAD  1.37267E+03 d  1.15741E-02 d    4 guilty:sigfh     
>>>FRED BASE IRRAD  1.37383E+03 d  1.15741E-02 d    4 guilty:sigfr     
>>>FRED BASE IRRAD  1.37499E+03 d  1.15741E-02 d    3 guilty:sigfh     
>>>FRED BASE IRRAD  1.37615E+03 d  1.15741E-02 d    3 guilty:sigfh     
>>>FRED BASE IRRAD  1.37730E+03 d  1.15741E-02 d    4 guilty:sigfr     
>>>FRED BASE IRRAD  1.37846E+03 d  1.15741E-02 d    4 guilty:sigfh     
>>>FRED BASE IRRAD  1.37962E+03 d  1.15741E-02 d    4 guilty:sigfh     
>>>FRED BASE IRRAD  1.38078E+03 d  1.15741E-02 d    4 guilty:sigfh     
>>>FRED BASE IRRAD  1.38193E+03 d  1.15741E-02 d    3 guilty:sigfr     
>>>FRED BASE IRRAD  1.38309E+03 d  1.15741E-02 d    4 guilty:sigfr     
>>>FRED BASE IRRAD  1.38425E+03 d  1.15741E-02 d    4 guilty:sigfr     
>>>FRED BASE IRRAD  1.38541E+03 d  1.15741E-02 d    4 guilty:sigfr     
>>>FRED BASE IRRAD  1.38656E+03 d  1.15741E-02 d    4 guilty:sigfr     
>>>FRED BASE IRRAD  1.38772E+03 d  1.15741E-02 d    4 guilty:sigfr     
>>>FRED BASE IRRAD  1.38888E+03 d  1.15741E-02 d    4 guilty:sigfr     
>>>FRED BASE IRRAD  1.39003E+03 d  1.15741E-02 d    5 guilty:sigfr     
>>>FRED BASE IRRAD  1.39119E+03 d  1.15741E-02 d    4 guilty:sigfr     
>>>FRED BASE IRRAD  1.39235E+03 d  1.15741E-02 d    3 guilty:sigh      
>>>FRED BASE IRRAD  1.39351E+03 d  1.15741E-02 d    4 guilty:sigh      
>>>FRED BASE IRRAD  1.39466E+03 d  1.15741E-02 d    4 guilty:sigh      
>>>FRED BASE IRRAD  1.39582E+03 d  1.15741E-02 d    4 guilty:sigh      
>>>FRED BASE IRRAD  1.39698E+03 d  1.15741E-02 d    4 guilty:sigh      
>>>FRED BASE IRRAD  1.39814E+03 d  1.15741E-02 d    3 guilty:sigfr     
>>>FRED BASE IRRAD  1.39929E+03 d  1.15741E-02 d    3 guilty:sigfr     
>>>FRED BASE IRRAD  1.40045E+03 d  1.15741E-02 d    4 guilty:sigfz     
>>>FRED BASE IRRAD  1.40161E+03 d  1.15741E-02 d    4 guilty:sigfh     
>>>FRED BASE IRRAD  1.40277E+03 d  1.15741E-02 d    4 guilty:sigfh     
>>>FRED BASE IRRAD  1.40392E+03 d  1.15741E-02 d    4 guilty:sigfr     
>>>FRED BASE IRRAD  1.40508E+03 d  1.15741E-02 d    4 guilty:sigfr     
>>>FRED BASE IRRAD  1.40624E+03 d  1.15741E-02 d    4 guilty:sigfr     
>>>FRED BASE IRRAD  1.40740E+03 d  1.15741E-02 d    4 guilty:sigh      
>>>FRED BASE IRRAD  1.40855E+03 d  1.15741E-02 d    4 guilty:sigfr     
>>>FRED BASE IRRAD  1.40971E+03 d  1.15741E-02 d    4 guilty:sigfh     
>>>FRED BASE IRRAD  1.41087E+03 d  1.15741E-02 d    4 guilty:sigfz     
>>>FRED BASE IRRAD  1.41203E+03 d  1.15741E-02 d    4 guilty:sigfz     
>>>FRED BASE IRRAD  1.41318E+03 d  1.15741E-02 d    4 guilty:sigfz     
>>>FRED BASE IRRAD  1.41434E+03 d  1.15741E-02 d    4 guilty:sigfr     
>>>FRED BASE IRRAD  1.41550E+03 d  1.15741E-02 d    4 guilty:sigfz     
>>>FRED BASE IRRAD  1.41666E+03 d  1.15741E-02 d    4 guilty:sigfz     
>>>FRED BASE IRRAD  1.41781E+03 d  1.15741E-02 d    4 guilty:sigfz     
>>>FRED BASE IRRAD  1.41897E+03 d  1.15741E-02 d    4 guilty:sigfz     
>>>FRED BASE IRRAD  1.42013E+03 d  1.15741E-02 d    4 guilty:sigfr     
>>>FRED BASE IRRAD  1.42128E+03 d  1.15741E-02 d    4 guilty:sigfz     
>>>FRED BASE IRRAD  1.42244E+03 d  1.15741E-02 d    4 guilty:sigfz     
>>>FRED BASE IRRAD  1.42360E+03 d  1.15741E-02 d    4 guilty:sigfz     
>>>FRED BASE IRRAD  1.42476E+03 d  1.15741E-02 d    4 guilty:sigfz     
>>>FRED BASE IRRAD  1.42591E+03 d  1.15741E-02 d    5 guilty:sigfz     
>>>FRED BASE IRRAD  1.42707E+03 d  1.15741E-02 d    4 guilty:sigfz     
>>>FRED BASE IRRAD  1.42823E+03 d  1.15741E-02 d    3 guilty:sigfz     
>>>FRED BASE IRRAD  1.42939E+03 d  1.15741E-02 d    4 guilty:sigfh     
>>>FRED BASE IRRAD  1.43054E+03 d  1.15741E-02 d    3 guilty:sigfr     
>>>FRED BASE IRRAD  1.43170E+03 d  1.15741E-02 d    3 guilty:sigfr     
>>>FRED BASE IRRAD  1.43286E+03 d  1.15741E-02 d    4 guilty:sigfz     
>>>FRED BASE IRRAD  1.43402E+03 d  1.15741E-02 d    4 guilty:sigfz     
>>>FRED BASE IRRAD  1.43517E+03 d  1.15741E-02 d    4 guilty:sigfr     
>>>FRED BASE IRRAD  1.43633E+03 d  1.15741E-02 d    4 guilty:sigfr     
>>>FRED BASE IRRAD  1.43749E+03 d  1.15741E-02 d    4 guilty:sigfh     
>>>FRED BASE IRRAD  1.43865E+03 d  1.15741E-02 d    5 guilty:sigfh     
>>>FRED BASE IRRAD  1.43980E+03 d  1.15741E-02 d    6 guilty:sigfh     
>>>FRED BASE IRRAD  1.44096E+03 d  1.15741E-02 d    5 guilty:sigfh     
>>>FRED BASE IRRAD  1.44212E+03 d  1.15741E-02 d    5 guilty:sigfh     
>>>FRED BASE IRRAD  1.44328E+03 d  1.15741E-02 d    4 guilty:sigfh     
>>>FRED BASE IRRAD  1.44443E+03 d  1.15741E-02 d    4 guilty:sigfz     
>>>FRED BASE IRRAD  1.44559E+03 d  1.15741E-02 d    4 guilty:sigfr     
>>>FRED BASE IRRAD  1.44675E+03 d  1.15741E-02 d    4 guilty:sigfr     
>>>FRED BASE IRRAD  1.44791E+03 d  1.15741E-02 d    5 guilty:sigfr     
>>>FRED BASE IRRAD  1.44906E+03 d  1.15741E-02 d    4 guilty:sigfh     
>>>FRED BASE IRRAD  1.45022E+03 d  1.15741E-02 d    4 guilty:sigfh     
>>>FRED BASE IRRAD  1.45138E+03 d  1.15741E-02 d    4 guilty:sigfh     
>>>FRED BASE IRRAD  1.45253E+03 d  1.15741E-02 d    4 guilty:sigfh     
>>>FRED BASE IRRAD  1.45369E+03 d  1.15741E-02 d    4 guilty:sigfh     
>>>FRED BASE IRRAD  1.45485E+03 d  1.15741E-02 d    5 guilty:sigfh     
>>>FRED BASE IRRAD  1.45601E+03 d  1.15741E-02 d    4 guilty:sigfh     
>>>FRED BASE IRRAD  1.45716E+03 d  1.15741E-02 d    4 guilty:sigfh     
>>>FRED BASE IRRAD  1.45832E+03 d  1.15741E-02 d    4 guilty:sigfh     
>>>FRED BASE IRRAD  1.45948E+03 d  1.15741E-02 d    5 guilty:sigfh     
>>>FRED BASE IRRAD  1.46064E+03 d  1.15741E-02 d    4 guilty:sigfh     
>>>FRED BASE IRRAD  1.46179E+03 d  1.15741E-02 d    4 guilty:sigfh     
>>>FRED BASE IRRAD  1.46295E+03 d  1.15741E-02 d    4 guilty:sigh      
>>>FRED BASE IRRAD  1.46411E+03 d  1.15741E-02 d    4 guilty:sigfr     
>>>FRED BASE IRRAD  1.46527E+03 d  1.15741E-02 d    4 guilty:sigfh     
>>>FRED BASE IRRAD  1.46642E+03 d  1.15741E-02 d    4 guilty:sigfh     
>>>FRED BASE IRRAD  1.46758E+03 d  1.15741E-02 d    4 guilty:sigfz     
>>>FRED BASE IRRAD  1.46874E+03 d  1.15741E-02 d    4 guilty:sigfh     
>>>FRED BASE IRRAD  1.46990E+03 d  1.15741E-02 d    4 guilty:sigh      
>>>FRED BASE IRRAD  1.47105E+03 d  1.15741E-02 d    3 guilty:sigfh     
>>>FRED BASE IRRAD  1.47221E+03 d  1.15741E-02 d    3 guilty:sigfh     
>>>FRED BASE IRRAD  1.47337E+03 d  1.15741E-02 d    4 guilty:sigfh     
>>>FRED BASE IRRAD  1.47453E+03 d  1.15741E-02 d    4 guilty:sigfh     
>>>FRED BASE IRRAD  1.47568E+03 d  1.15741E-02 d    4 guilty:sigfh     
>>>FRED BASE IRRAD  1.47684E+03 d  1.15741E-02 d    4 guilty:sigh      
>>>FRED BASE IRRAD  1.47800E+03 d  1.15741E-02 d    4 guilty:sigh      
>>>FRED BASE IRRAD  1.47916E+03 d  1.15741E-02 d    4 guilty:sigfr     
>>>FRED BASE IRRAD  1.48031E+03 d  1.15741E-02 d    4 guilty:sigfr     
>>>FRED BASE IRRAD  1.48147E+03 d  1.15741E-02 d    5 guilty:sigfr     
>>>FRED BASE IRRAD  1.48263E+03 d  1.15741E-02 d    5 guilty:sigfr     
>>>FRED BASE IRRAD  1.48378E+03 d  1.15741E-02 d    4 guilty:sigfr     
>>>FRED BASE IRRAD  1.48494E+03 d  1.15741E-02 d    4 guilty:sigfr     
>>>FRED BASE IRRAD  1.48610E+03 d  1.15741E-02 d    4 guilty:sigfr     
>>>FRED BASE IRRAD  1.48726E+03 d  1.15741E-02 d    5 guilty:sigfr     
>>>FRED BASE IRRAD  1.48841E+03 d  1.15741E-02 d   10 guilty:sigfr     
>>>FRED BASE IRRAD  1.48957E+03 d  1.15741E-02 d    5 guilty:sigfr     
>>>FRED BASE IRRAD  1.49073E+03 d  1.15741E-02 d    4 guilty:sigfr     
>>>FRED BASE IRRAD  1.49189E+03 d  1.15741E-02 d    4 guilty:sigfr     
>>>FRED BASE IRRAD  1.49304E+03 d  1.15741E-02 d    5 guilty:sigh      
>>>FRED BASE IRRAD  1.49420E+03 d  1.15741E-02 d    4 guilty:sigfh     
>>>FRED BASE IRRAD  1.49536E+03 d  1.15741E-02 d    4 guilty:sigfh     
>>>FRED BASE IRRAD  1.49652E+03 d  1.15741E-02 d    4 guilty:sigfh     
>>>FRED BASE IRRAD  1.49767E+03 d  1.15741E-02 d    4 guilty:sigfh     
>>>FRED BASE IRRAD  1.49883E+03 d  1.15741E-02 d    5 guilty:sigfh     
>>>FRED BASE IRRAD  1.49999E+03 d  1.15741E-02 d    4 guilty:sigfh     
>>>FRED BASE IRRAD  1.50115E+03 d  1.15741E-02 d    4 guilty:sigfh     
>>>FRED BASE IRRAD  1.50230E+03 d  1.15741E-02 d    4 guilty:sigfh     
>>>FRED BASE IRRAD  1.50346E+03 d  1.15741E-02 d    4 guilty:sigfh     
>>>FRED BASE IRRAD  1.50462E+03 d  1.15741E-02 d    4 guilty:sigfh     
>>>FRED BASE IRRAD  1.50578E+03 d  1.15741E-02 d    4 guilty:sigfh     
>>>FRED BASE IRRAD  1.50693E+03 d  1.15741E-02 d    4 guilty:sigh      
>>>FRED BASE IRRAD  1.50809E+03 d  1.15741E-02 d    4 guilty:sigh      
>>>FRED BASE IRRAD  1.50925E+03 d  1.15741E-02 d    5 guilty:sigfh     
>>>FRED BASE IRRAD  1.51041E+03 d  1.15741E-02 d    4 guilty:sigfr     
>>>FRED BASE IRRAD  1.51156E+03 d  1.15741E-02 d    4 guilty:sigfr     
>>>FRED BASE IRRAD  1.51272E+03 d  1.15741E-02 d    5 guilty:sigfr     
>>>FRED BASE IRRAD  1.51388E+03 d  1.15741E-02 d    4 guilty:sigfr     
>>>FRED BASE IRRAD  1.51503E+03 d  1.15741E-02 d    4 guilty:sigfr     
>>>FRED BASE IRRAD  1.51619E+03 d  1.15741E-02 d    4 guilty:sigfr     
>>>FRED BASE IRRAD  1.51735E+03 d  1.15741E-02 d    4 guilty:sigh      
>>>FRED BASE IRRAD  1.51851E+03 d  1.15741E-02 d    4 guilty:sigh      
>>>FRED BASE IRRAD  1.51966E+03 d  1.15741E-02 d    3 guilty:sigfr     
>>>FRED BASE IRRAD  1.52082E+03 d  1.15741E-02 d    3 guilty:sigfr     
>>>FRED BASE IRRAD  1.52198E+03 d  1.15741E-02 d    3 guilty:sigfr     
>>>FRED BASE IRRAD  1.52314E+03 d  1.15741E-02 d    3 guilty:sigfh     
>>>FRED BASE IRRAD  1.52429E+03 d  1.15741E-02 d    3 guilty:sigh      
>>>FRED BASE IRRAD  1.52545E+03 d  1.15741E-02 d    4 guilty:sigfh     
>>>FRED BASE IRRAD  1.52661E+03 d  1.15741E-02 d    3 guilty:sigfh     
>>>FRED BASE IRRAD  1.52777E+03 d  1.15741E-02 d    4 guilty:sigh      
>>>FRED BASE IRRAD  1.52892E+03 d  1.15741E-02 d    4 guilty:sigh      
>>>FRED BASE IRRAD  1.53008E+03 d  1.15741E-02 d    4 guilty:sigh      
>>>FRED BASE IRRAD  1.53124E+03 d  1.15741E-02 d    4 guilty:sigh      
>>>FRED BASE IRRAD  1.53240E+03 d  1.15741E-02 d    4 guilty:sigfh     
>>>FRED BASE IRRAD  1.53355E+03 d  1.15741E-02 d    4 guilty:sigfh     
>>>FRED BASE IRRAD  1.53471E+03 d  1.15741E-02 d    4 guilty:sigh      
>>>FRED BASE IRRAD  1.53587E+03 d  1.15741E-02 d    5 guilty:sigfh     
>>>FRED BASE IRRAD  1.53703E+03 d  1.15741E-02 d    4 guilty:sigfh     
>>>FRED BASE IRRAD  1.53818E+03 d  1.15741E-02 d    4 guilty:sigfh     
>>>FRED BASE IRRAD  1.53934E+03 d  1.15741E-02 d    4 guilty:sigh      
>>>FRED BASE IRRAD  1.54050E+03 d  1.15741E-02 d    4 guilty:sigfr     
>>>FRED BASE IRRAD  1.54166E+03 d  1.15741E-02 d    4 guilty:sigfh     
>>>FRED BASE IRRAD  1.54281E+03 d  1.15741E-02 d    4 guilty:sigfr     
>>>FRED BASE IRRAD  1.54397E+03 d  1.15741E-02 d    4 guilty:sigfr     
>>>FRED BASE IRRAD  1.54513E+03 d  1.15741E-02 d    3 guilty:sigfr     
>>>FRED BASE IRRAD  1.54628E+03 d  1.15741E-02 d    4 guilty:sigfr     
>>>FRED BASE IRRAD  1.54744E+03 d  1.15741E-02 d    4 guilty:sigfr     
>>>FRED BASE IRRAD  1.54860E+03 d  1.15741E-02 d    4 guilty:sigh      
>>>FRED BASE IRRAD  1.54976E+03 d  1.15741E-02 d    4 guilty:sigfr     
>>>FRED BASE IRRAD  1.55091E+03 d  1.15741E-02 d    4 guilty:sigfr     
>>>FRED BASE IRRAD  1.55207E+03 d  1.15741E-02 d    4 guilty:sigfr     
>>>FRED BASE IRRAD  1.55323E+03 d  1.15741E-02 d    4 guilty:sigfr     
>>>FRED BASE IRRAD  1.55439E+03 d  1.15741E-02 d    4 guilty:sigfr     
>>>FRED BASE IRRAD  1.55554E+03 d  1.15741E-02 d    4 guilty:sigfr     
>>>FRED BASE IRRAD  1.55670E+03 d  1.15741E-02 d    4 guilty:sigfr     
>>>FRED BASE IRRAD  1.55786E+03 d  1.15741E-02 d    5 guilty:sigfr     
>>>FRED BASE IRRAD  1.55902E+03 d  1.15741E-02 d    4 guilty:sigh      
>>>FRED BASE IRRAD  1.56017E+03 d  1.15741E-02 d    4 guilty:sigfr     
>>>FRED BASE IRRAD  1.56133E+03 d  1.15741E-02 d    5 guilty:sigfh     
>>>FRED BASE IRRAD  1.56249E+03 d  1.15741E-02 d    4 guilty:sigfr     
>>>FRED BASE IRRAD  1.56365E+03 d  1.15741E-02 d    5 guilty:sigfr     
>>>FRED BASE IRRAD  1.56480E+03 d  1.15741E-02 d    4 guilty:sigfr     
>>>FRED BASE IRRAD  1.56596E+03 d  1.15741E-02 d    4 guilty:sigfr     
>>>FRED BASE IRRAD  1.56712E+03 d  1.15741E-02 d    5 guilty:sigfr     
>>>FRED BASE IRRAD  1.56828E+03 d  1.15741E-02 d    4 guilty:sigfr     
>>>FRED BASE IRRAD  1.56943E+03 d  1.15741E-02 d    5 guilty:sigfh     
>>>FRED BASE IRRAD  1.57059E+03 d  1.15741E-02 d    4 guilty:sigfh     
>>>FRED BASE IRRAD  1.57175E+03 d  1.15741E-02 d    5 guilty:sigz      
>>>FRED BASE IRRAD  1.57291E+03 d  1.15741E-02 d    4 guilty:sigfr     
>>>FRED BASE IRRAD  1.57406E+03 d  1.15741E-02 d    4 guilty:sigfh     
>>>FRED BASE IRRAD  1.57522E+03 d  1.15741E-02 d    5 guilty:sigfr     
>>>FRED BASE IRRAD  1.57638E+03 d  1.15741E-02 d    4 guilty:sigh      
>>>FRED BASE IRRAD  1.57753E+03 d  1.15741E-02 d    4 guilty:sigfr     
>>>FRED BASE IRRAD  1.57869E+03 d  1.15741E-02 d    4 guilty:sigfh     
>>>FRED BASE IRRAD  1.57985E+03 d  1.15741E-02 d    4 guilty:sigfh     
>>>FRED BASE IRRAD  1.58101E+03 d  1.15741E-02 d    4 guilty:sigh      
>>>FRED BASE IRRAD  1.58216E+03 d  1.15741E-02 d    4 guilty:sigfr     
>>>FRED BASE IRRAD  1.58332E+03 d  1.15741E-02 d    4 guilty:sigfr     
>>>FRED BASE IRRAD  1.58448E+03 d  1.15741E-02 d    4 guilty:sigz      
>>>FRED BASE IRRAD  1.58564E+03 d  1.15741E-02 d    4 guilty:sigfh     
>>>FRED BASE IRRAD  1.58679E+03 d  1.15741E-02 d    4 guilty:sigh      
>>>FRED BASE IRRAD  1.58795E+03 d  1.15741E-02 d    4 guilty:sigfh     
>>>FRED BASE IRRAD  1.58911E+03 d  1.15741E-02 d    3 guilty:sigfr     
>>>FRED BASE IRRAD  1.59027E+03 d  1.15741E-02 d    3 guilty:sigfr     
>>>FRED BASE IRRAD  1.59142E+03 d  1.15741E-02 d    3 guilty:sigfr     
>>>FRED BASE IRRAD  1.59258E+03 d  1.15741E-02 d    4 guilty:sigfr     
>>>FRED BASE IRRAD  1.59374E+03 d  1.15741E-02 d    3 guilty:sigfr     
>>>FRED BASE IRRAD  1.59490E+03 d  1.15741E-02 d    4 guilty:sigh      
>>>FRED BASE IRRAD  1.59605E+03 d  1.15741E-02 d    3 guilty:sigh      
>>>FRED BASE IRRAD  1.59721E+03 d  1.15741E-02 d    3 guilty:sigh      
>>>FRED BASE IRRAD  1.59837E+03 d  1.15741E-02 d    4 guilty:sigfr     
>>>FRED BASE IRRAD  1.59953E+03 d  1.15741E-02 d    3 guilty:sigfr     
>>>FRED BASE IRRAD  1.60068E+03 d  1.15741E-02 d    4 guilty:sigh      
>>>FRED BASE IRRAD  1.60184E+03 d  1.15741E-02 d    3 guilty:sigh      
>>>FRED BASE IRRAD  1.60300E+03 d  1.15741E-02 d    3 guilty:sigfr     
>>>FRED BASE IRRAD  1.60416E+03 d  1.15741E-02 d    4 guilty:sigfr     
>>>FRED BASE IRRAD  1.60531E+03 d  1.15741E-02 d    3 guilty:sigfh     
>>>FRED BASE IRRAD  1.60647E+03 d  1.15741E-02 d    4 guilty:sigfh     
>>>FRED BASE IRRAD  1.60763E+03 d  1.15741E-02 d    4 guilty:sigfh     
>>>FRED BASE IRRAD  1.60878E+03 d  1.15741E-02 d    4 guilty:sigfr     
>>>FRED BASE IRRAD  1.60994E+03 d  1.15741E-02 d    4 guilty:sigfr     
>>>FRED BASE IRRAD  1.61110E+03 d  1.15741E-02 d    4 guilty:sigfr     
>>>FRED BASE IRRAD  1.61226E+03 d  1.15741E-02 d    3 guilty:sigfr     
>>>FRED BASE IRRAD  1.61341E+03 d  1.15741E-02 d    5 guilty:sigh      
>>>FRED BASE IRRAD  1.61457E+03 d  1.15741E-02 d    4 guilty:sigfh     
>>>FRED BASE IRRAD  1.61573E+03 d  1.15741E-02 d    4 guilty:sigfh     
>>>FRED BASE IRRAD  1.61689E+03 d  1.15741E-02 d    3 guilty:sigfr     
>>>FRED BASE IRRAD  1.61804E+03 d  1.15741E-02 d    3 guilty:sigfh     
>>>FRED BASE IRRAD  1.61920E+03 d  1.15741E-02 d    3 guilty:sigfh     
>>>FRED BASE IRRAD  1.62036E+03 d  1.15741E-02 d    3 guilty:sigfh     
>>>FRED BASE IRRAD  1.62152E+03 d  1.15741E-02 d    3 guilty:sigfr     
>>>FRED BASE IRRAD  1.62267E+03 d  1.15741E-02 d    3 guilty:sigfh     
>>>FRED BASE IRRAD  1.62383E+03 d  1.15741E-02 d    3 guilty:sigfh     
>>>FRED BASE IRRAD  1.62499E+03 d  1.15741E-02 d    3 guilty:sigfh     
>>>FRED BASE IRRAD  1.62615E+03 d  1.15741E-02 d    3 guilty:sigfh     
>>>FRED BASE IRRAD  1.62730E+03 d  1.15741E-02 d    3 guilty:sigfh     
>>>FRED BASE IRRAD  1.62846E+03 d  1.15741E-02 d    3 guilty:sigfh     
>>>FRED BASE IRRAD  1.62962E+03 d  1.15741E-02 d    3 guilty:sigfh     
>>>FRED BASE IRRAD  1.63078E+03 d  1.15741E-02 d    4 guilty:sigfr     
>>>FRED BASE IRRAD  1.63193E+03 d  1.15741E-02 d    4 guilty:sigh      
>>>FRED BASE IRRAD  1.63309E+03 d  1.15741E-02 d    4 guilty:sigfh     
>>>FRED BASE IRRAD  1.63425E+03 d  1.15741E-02 d    4 guilty:sigfh     
>>>FRED BASE IRRAD  1.63541E+03 d  1.15741E-02 d    4 guilty:sigfh     
>>>FRED BASE IRRAD  1.63656E+03 d  1.15741E-02 d    4 guilty:sigfh     
>>>FRED BASE IRRAD  1.63772E+03 d  1.15741E-02 d    4 guilty:sigfr     
>>>FRED BASE IRRAD  1.63888E+03 d  1.15741E-02 d    4 guilty:sigfh     
>>>FRED BASE IRRAD  1.64003E+03 d  1.15741E-02 d    4 guilty:sigfh     
>>>FRED BASE IRRAD  1.64119E+03 d  1.15741E-02 d    4 guilty:sigfr     
>>>FRED BASE IRRAD  1.64235E+03 d  1.15741E-02 d    4 guilty:sigfh     
>>>FRED BASE IRRAD  1.64351E+03 d  1.15741E-02 d    4 guilty:sigfh     
>>>FRED BASE IRRAD  1.64466E+03 d  1.15741E-02 d    3 guilty:sigfh     
>>>FRED BASE IRRAD  1.64582E+03 d  1.15741E-02 d    3 guilty:sigfr     
>>>FRED BASE IRRAD  1.64698E+03 d  1.15741E-02 d    3 guilty:sigfh     
>>>FRED BASE IRRAD  1.64814E+03 d  1.15741E-02 d    3 guilty:sigfh     
>>>FRED BASE IRRAD  1.64929E+03 d  1.15741E-02 d    3 guilty:sigfh     
>>>FRED BASE IRRAD  1.65045E+03 d  1.15741E-02 d    3 guilty:sigfr     
>>>FRED BASE IRRAD  1.65161E+03 d  1.15741E-02 d    5 guilty:sigfh     
>>>FRED BASE IRRAD  1.65277E+03 d  1.15741E-02 d    4 guilty:sigfh     
>>>FRED BASE IRRAD  1.65392E+03 d  1.15741E-02 d    4 guilty:sigfh     
>>>FRED BASE IRRAD  1.65508E+03 d  1.15741E-02 d    4 guilty:sigfh     
>>>FRED BASE IRRAD  1.65624E+03 d  1.15741E-02 d    5 guilty:sigfh     
>>>FRED BASE IRRAD  1.65740E+03 d  1.15741E-02 d    4 guilty:sigfh     
>>>FRED BASE IRRAD  1.65855E+03 d  1.15741E-02 d    3 guilty:sigfr     
>>>FRED BASE IRRAD  1.65971E+03 d  1.15741E-02 d    4 guilty:sigfh     
>>>FRED BASE IRRAD  1.66087E+03 d  1.15741E-02 d    4 guilty:sigfr     
>>>FRED BASE IRRAD  1.66203E+03 d  1.15741E-02 d    4 guilty:sigfr     
>>>FRED BASE IRRAD  1.66318E+03 d  1.15741E-02 d    4 guilty:sigfr     
>>>FRED BASE IRRAD  1.66434E+03 d  1.15741E-02 d    4 guilty:sigfr     
>>>FRED BASE IRRAD  1.66550E+03 d  1.15741E-02 d    4 guilty:sigh      
>>>FRED BASE IRRAD  1.66666E+03 d  1.15741E-02 d    4 guilty:sigh      
>>>FRED BASE IRRAD  1.66781E+03 d  1.15741E-02 d    4 guilty:sigh      
>>>FRED BASE IRRAD  1.66897E+03 d  1.15741E-02 d    3 guilty:sigfr     
>>>FRED BASE IRRAD  1.67013E+03 d  1.15741E-02 d    4 guilty:sigfh     
>>>FRED BASE IRRAD  1.67128E+03 d  1.15741E-02 d    3 guilty:sigfh     
>>>FRED BASE IRRAD  1.67244E+03 d  1.15741E-02 d    3 guilty:sigfh     
>>>FRED BASE IRRAD  1.67360E+03 d  1.15741E-02 d    3 guilty:sigfh     
>>>FRED BASE IRRAD  1.67476E+03 d  1.15741E-02 d    4 guilty:sigfh     
>>>FRED BASE IRRAD  1.67591E+03 d  1.15741E-02 d    4 guilty:sigfr     
>>>FRED BASE IRRAD  1.67707E+03 d  1.15741E-02 d    4 guilty:sigh      
>>>FRED BASE IRRAD  1.67823E+03 d  1.15741E-02 d    5 guilty:sigfh     
>>>FRED BASE IRRAD  1.67939E+03 d  1.15741E-02 d    4 guilty:sigfh     
>>>FRED BASE IRRAD  1.68054E+03 d  1.15741E-02 d    4 guilty:sigh      
>>>FRED BASE IRRAD  1.68170E+03 d  1.15741E-02 d    4 guilty:sigh      
>>>FRED BASE IRRAD  1.68286E+03 d  1.15741E-02 d    3 guilty:sigfh     
>>>FRED BASE IRRAD  1.68402E+03 d  1.15741E-02 d    3 guilty:sigfh     
>>>FRED BASE IRRAD  1.68517E+03 d  1.15741E-02 d    3 guilty:sigfr     
>>>FRED BASE IRRAD  1.68633E+03 d  1.15741E-02 d    4 guilty:sigh      
>>>FRED BASE IRRAD  1.68749E+03 d  1.15741E-02 d    4 guilty:sigfr     
>>>FRED BASE IRRAD  1.68865E+03 d  1.15741E-02 d    3 guilty:sigfr     
>>>FRED BASE IRRAD  1.68980E+03 d  1.15741E-02 d    3 guilty:sigfr     
>>>FRED BASE IRRAD  1.69096E+03 d  1.15741E-02 d    4 guilty:sigfr     
>>>FRED BASE IRRAD  1.69212E+03 d  1.15741E-02 d    3 guilty:sigfr     
>>>FRED BASE IRRAD  1.69328E+03 d  1.15741E-02 d    4 guilty:sigfh     
>>>FRED BASE IRRAD  1.69443E+03 d  1.15741E-02 d    3 guilty:sigfr     
>>>FRED BASE IRRAD  1.69559E+03 d  1.15741E-02 d    4 guilty:sigfh     
>>>FRED BASE IRRAD  1.69675E+03 d  1.15741E-02 d    3 guilty:sigfr     
>>>FRED BASE IRRAD  1.69791E+03 d  1.15741E-02 d    3 guilty:sigfr     
>>>FRED BASE IRRAD  1.69906E+03 d  1.15741E-02 d    3 guilty:sigfr     
>>>FRED BASE IRRAD  1.70022E+03 d  1.15741E-02 d    4 guilty:sigh      
>>>FRED BASE IRRAD  1.70138E+03 d  1.15741E-02 d    3 guilty:sigfr     
>>>FRED BASE IRRAD  1.70253E+03 d  1.15741E-02 d    3 guilty:sigfr     
>>>FRED BASE IRRAD  1.70369E+03 d  1.15741E-02 d    3 guilty:sigfr     
>>>FRED BASE IRRAD  1.70485E+03 d  1.15741E-02 d    3 guilty:sigfr     
>>>FRED BASE IRRAD  1.70601E+03 d  1.15741E-02 d    4 guilty:sigfr     
>>>FRED BASE IRRAD  1.70716E+03 d  1.15741E-02 d    4 guilty:sigfr     
>>>FRED BASE IRRAD  1.70832E+03 d  1.15741E-02 d    4 guilty:sigh      
>>>FRED BASE IRRAD  1.70948E+03 d  1.15741E-02 d    4 guilty:sigh      
>>>FRED BASE IRRAD  1.71064E+03 d  1.15741E-02 d    4 guilty:sigfr     
>>>FRED BASE IRRAD  1.71179E+03 d  1.15741E-02 d    5 guilty:sigfr     
>>>FRED BASE IRRAD  1.71295E+03 d  1.15741E-02 d    4 guilty:sigfr     
>>>FRED BASE IRRAD  1.71411E+03 d  1.15741E-02 d    4 guilty:sigfr     
>>>FRED BASE IRRAD  1.71527E+03 d  1.15741E-02 d    3 guilty:sigh      
>>>FRED BASE IRRAD  1.71642E+03 d  1.15741E-02 d    3 guilty:sigfh     
>>>FRED BASE IRRAD  1.71758E+03 d  1.15741E-02 d    4 guilty:sigfr     
>>>FRED BASE IRRAD  1.71874E+03 d  1.15741E-02 d    4 guilty:sigh      
>>>FRED BASE IRRAD  1.71990E+03 d  1.15741E-02 d    4 guilty:sigh      
>>>FRED BASE IRRAD  1.72105E+03 d  1.15741E-02 d    3 guilty:sigfr     
>>>FRED BASE IRRAD  1.72221E+03 d  1.15741E-02 d    3 guilty:sigfh     
>>>FRED BASE IRRAD  1.72337E+03 d  1.15741E-02 d    3 guilty:sigfh     
>>>FRED BASE IRRAD  1.72453E+03 d  1.15741E-02 d    4 guilty:sigfh     
>>>FRED BASE IRRAD  1.72568E+03 d  1.15741E-02 d    4 guilty:sigfh     
>>>FRED BASE IRRAD  1.72684E+03 d  1.15741E-02 d    4 guilty:sigh      
>>>FRED BASE IRRAD  1.72800E+03 d  1.15741E-02 d    4 guilty:sigfh     
>>>FRED BASE IRRAD  1.72916E+03 d  1.15741E-02 d    4 guilty:sigfh     
>>>FRED BASE IRRAD  1.73031E+03 d  1.15741E-02 d    5 guilty:sigfh     
>>>FRED BASE IRRAD  1.73147E+03 d  1.15741E-02 d    4 guilty:sigfh     
>>>FRED BASE IRRAD  1.73263E+03 d  1.15741E-02 d    4 guilty:sigh      
>>>FRED BASE IRRAD  1.73378E+03 d  1.15741E-02 d    4 guilty:sigfr     
>>>FRED BASE IRRAD  1.73494E+03 d  1.15741E-02 d    4 guilty:sigh      
>>>FRED BASE IRRAD  1.73610E+03 d  1.15741E-02 d    4 guilty:sigh      
>>>FRED BASE IRRAD  1.73726E+03 d  1.15741E-02 d    4 guilty:sigh      
>>>FRED BASE IRRAD  1.73841E+03 d  1.15741E-02 d    4 guilty:sigh      
>>>FRED BASE IRRAD  1.73957E+03 d  1.15741E-02 d    3 guilty:sigfh     
>>>FRED BASE IRRAD  1.74073E+03 d  1.15741E-02 d    4 guilty:sigfr     
>>>FRED BASE IRRAD  1.74189E+03 d  1.15741E-02 d    3 guilty:sigfr     
>>>FRED BASE IRRAD  1.74304E+03 d  1.15741E-02 d    5 guilty:sigfh     
>>>FRED BASE IRRAD  1.74420E+03 d  1.15741E-02 d    3 guilty:sigfr     
>>>FRED BASE IRRAD  1.74536E+03 d  1.15741E-02 d    4 guilty:sigh      
>>>FRED BASE IRRAD  1.74652E+03 d  1.15741E-02 d    4 guilty:sigfr     
>>>FRED BASE IRRAD  1.74767E+03 d  1.15741E-02 d    4 guilty:sigh      
>>>FRED BASE IRRAD  1.74883E+03 d  1.15741E-02 d    4 guilty:sigfr     
>>>FRED BASE IRRAD  1.74999E+03 d  1.15741E-02 d    4 guilty:sigfr     
>>>FRED BASE IRRAD  1.75115E+03 d  1.15741E-02 d    4 guilty:sigfr     
>>>FRED BASE IRRAD  1.75230E+03 d  1.15741E-02 d    4 guilty:sigh      
>>>FRED BASE IRRAD  1.75346E+03 d  1.15741E-02 d    4 guilty:sigfr     
>>>FRED BASE IRRAD  1.75462E+03 d  1.15741E-02 d    4 guilty:sigfr     
>>>FRED BASE IRRAD  1.75578E+03 d  1.15741E-02 d    4 guilty:sigh      
>>>FRED BASE IRRAD  1.75693E+03 d  1.15741E-02 d    4 guilty:sigfr     
>>>FRED BASE IRRAD  1.75809E+03 d  1.15741E-02 d    4 guilty:sigfz     
>>>FRED BASE IRRAD  1.75925E+03 d  1.15741E-02 d    5 guilty:sigfr     
>>>FRED BASE IRRAD  1.76041E+03 d  1.15741E-02 d    3 guilty:sigfr     
>>>FRED BASE IRRAD  1.76156E+03 d  1.15741E-02 d    3 guilty:sigh      
>>>FRED BASE IRRAD  1.76272E+03 d  1.15741E-02 d    4 guilty:sigfh     
>>>FRED BASE IRRAD  1.76388E+03 d  1.15741E-02 d    3 guilty:sigh      
>>>FRED BASE IRRAD  1.76503E+03 d  1.15741E-02 d    3 guilty:sigfr     
>>>FRED BASE IRRAD  1.76619E+03 d  1.15741E-02 d    4 guilty:sigfr     
>>>FRED BASE IRRAD  1.76735E+03 d  1.15741E-02 d    3 guilty:sigfr     
>>>FRED BASE IRRAD  1.76851E+03 d  1.15741E-02 d    3 guilty:sigfr     
>>>FRED BASE IRRAD  1.76966E+03 d  1.15741E-02 d    4 guilty:sigh      
>>>FRED BASE IRRAD  1.77082E+03 d  1.15741E-02 d    4 guilty:sigh      
>>>FRED BASE IRRAD  1.77198E+03 d  1.15741E-02 d    3 guilty:sigfr     
>>>FRED BASE IRRAD  1.77314E+03 d  1.15741E-02 d    4 guilty:sigfz     
>>>FRED BASE IRRAD  1.77429E+03 d  1.15741E-02 d    4 guilty:sigh      
>>>FRED BASE IRRAD  1.77545E+03 d  1.15741E-02 d    4 guilty:sigfh     
>>>FRED BASE IRRAD  1.77661E+03 d  1.15741E-02 d    3 guilty:sigfr     
>>>FRED BASE IRRAD  1.77777E+03 d  1.15741E-02 d    3 guilty:sigh      
>>>FRED BASE IRRAD  1.77892E+03 d  1.15741E-02 d    4 guilty:sigh      
>>>FRED BASE IRRAD  1.78008E+03 d  1.15741E-02 d    4 guilty:sigfr     
>>>FRED BASE IRRAD  1.78124E+03 d  1.15741E-02 d    3 guilty:sigfr     
>>>FRED BASE IRRAD  1.78240E+03 d  1.15741E-02 d    3 guilty:sigfr     
>>>FRED BASE IRRAD  1.78355E+03 d  1.15741E-02 d    4 guilty:sigfz     
>>>FRED BASE IRRAD  1.78471E+03 d  1.15741E-02 d    4 guilty:sigfz     
>>>FRED BASE IRRAD  1.78587E+03 d  1.15741E-02 d    4 guilty:sigfz     
>>>FRED BASE IRRAD  1.78703E+03 d  1.15741E-02 d    4 guilty:sigfz     
>>>FRED BASE IRRAD  1.78818E+03 d  1.15741E-02 d    6 guilty:sigfz     
>>>FRED BASE IRRAD  1.78934E+03 d  1.15741E-02 d    5 guilty:sigfr     
>>>FRED BASE IRRAD  1.79050E+03 d  1.15741E-02 d    4 guilty:sigfr     
>>>FRED BASE IRRAD  1.79166E+03 d  1.15741E-02 d    5 guilty:sigfr     
>>>FRED BASE IRRAD  1.79281E+03 d  1.15741E-02 d    4 guilty:sigfz     
>>>FRED BASE IRRAD  1.79397E+03 d  1.15741E-02 d    4 guilty:sigh      
>>>FRED BASE IRRAD  1.79513E+03 d  1.15741E-02 d    4 guilty:sigfz     
>>>FRED BASE IRRAD  1.79628E+03 d  1.15741E-02 d    4 guilty:sigfr     
>>>FRED BASE IRRAD  1.79744E+03 d  1.15741E-02 d    4 guilty:sigfr     
>>>FRED BASE IRRAD  1.79860E+03 d  1.15741E-02 d    4 guilty:sigfr     
>>>FRED BASE IRRAD  1.79976E+03 d  1.15741E-02 d    4 guilty:sigfr     
>>>FRED BASE IRRAD  1.80091E+03 d  1.15741E-02 d    4 guilty:sigfr     
>>>FRED BASE IRRAD  1.80207E+03 d  1.15741E-02 d    4 guilty:sigfz     
>>>FRED BASE IRRAD  1.80323E+03 d  1.15741E-02 d    4 guilty:sigfh     
>>>FRED BASE IRRAD  1.80439E+03 d  1.15741E-02 d    3 guilty:sigfh     
>>>FRED BASE IRRAD  1.80554E+03 d  1.15741E-02 d    4 guilty:sigh      
>>>FRED BASE IRRAD  1.80670E+03 d  1.15741E-02 d    4 guilty:sigh      
>>>FRED BASE IRRAD  1.80786E+03 d  1.15741E-02 d    4 guilty:sigfh     
>>>FRED BASE IRRAD  1.80902E+03 d  1.15741E-02 d    4 guilty:sigfz     
>>>FRED BASE IRRAD  1.81017E+03 d  1.15741E-02 d    4 guilty:sigfz     
>>>FRED BASE IRRAD  1.81133E+03 d  1.15741E-02 d    3 guilty:sigfh     
>>>FRED BASE IRRAD  1.81249E+03 d  1.15741E-02 d    3 guilty:sigfh     
>>>FRED BASE IRRAD  1.81365E+03 d  1.15741E-02 d    4 guilty:sigfh     
>>>FRED BASE IRRAD  1.81480E+03 d  1.15741E-02 d    3 guilty:sigh      
>>>FRED BASE IRRAD  1.81596E+03 d  1.15741E-02 d    3 guilty:sigfz     
>>>FRED BASE IRRAD  1.81712E+03 d  1.15741E-02 d    3 guilty:sigfr     
>>>FRED BASE IRRAD  1.81828E+03 d  1.15741E-02 d    4 guilty:sigfh     
>>>FRED BASE IRRAD  1.81943E+03 d  1.15741E-02 d    3 guilty:sigfr     
>>>FRED BASE IRRAD  1.82059E+03 d  1.15741E-02 d    4 guilty:sigfr     
>>>FRED BASE IRRAD  1.82175E+03 d  1.15741E-02 d    4 guilty:sigfz     
>>>FRED BASE IRRAD  1.82291E+03 d  1.15741E-02 d    3 guilty:sigfz     
>>>FRED BASE IRRAD  1.82406E+03 d  1.15741E-02 d    4 guilty:sigfh     
>>>FRED BASE IRRAD  1.82522E+03 d  1.15741E-02 d    4 guilty:sigfz     
>>>FRED BASE IRRAD  1.82638E+03 d  1.15741E-02 d    4 guilty:sigfz     
>>>FRED BASE IRRAD  1.82753E+03 d  1.15741E-02 d    4 guilty:sigfr     
>>>FRED BASE IRRAD  1.82869E+03 d  1.15741E-02 d    4 guilty:sigh      
>>>FRED BASE IRRAD  1.82985E+03 d  1.15741E-02 d    4 guilty:sigfh     
>>>FRED BASE IRRAD  1.83101E+03 d  1.15741E-02 d    4 guilty:sigfz     
>>>FRED BASE IRRAD  1.83216E+03 d  1.15741E-02 d    5 guilty:sigfr     
>>>FRED BASE IRRAD  1.83332E+03 d  1.15741E-02 d    5 guilty:sigfr     
>>>FRED BASE IRRAD  1.83448E+03 d  1.15741E-02 d    4 guilty:sigh      
>>>FRED BASE IRRAD  1.83564E+03 d  1.15741E-02 d    4 guilty:sigh      
>>>FRED BASE IRRAD  1.83679E+03 d  1.15741E-02 d    3 guilty:sigfr     
>>>FRED BASE IRRAD  1.83795E+03 d  1.15741E-02 d    3 guilty:sigfr     
>>>FRED BASE IRRAD  1.83911E+03 d  1.15741E-02 d    3 guilty:sigh      
>>>FRED BASE IRRAD  1.84027E+03 d  1.15741E-02 d    4 guilty:sigfz     
>>>FRED BASE IRRAD  1.84142E+03 d  1.15741E-02 d    3 guilty:sigfh     
>>>FRED BASE IRRAD  1.84258E+03 d  1.15741E-02 d    4 guilty:sigh      
>>>FRED BASE IRRAD  1.84374E+03 d  1.15741E-02 d    4 guilty:sigh      
>>>FRED BASE IRRAD  1.84490E+03 d  1.15741E-02 d    4 guilty:sigfh     
>>>FRED BASE IRRAD  1.84605E+03 d  1.15741E-02 d    4 guilty:sigfh     
>>>FRED BASE IRRAD  1.84721E+03 d  1.15741E-02 d    4 guilty:sigfh     
>>>FRED BASE IRRAD  1.84837E+03 d  1.15741E-02 d    5 guilty:sigh      
>>>FRED BASE IRRAD  1.84953E+03 d  1.15741E-02 d    4 guilty:sigfh     
>>>FRED BASE IRRAD  1.85068E+03 d  1.15741E-02 d    4 guilty:sigfh     
>>>FRED BASE IRRAD  1.85184E+03 d  1.15741E-02 d    4 guilty:sigfr     
>>>FRED BASE IRRAD  1.85300E+03 d  1.15741E-02 d    4 guilty:sigh      
>>>FRED BASE IRRAD  1.85416E+03 d  1.15741E-02 d    3 guilty:sigfh     
>>>FRED BASE IRRAD  1.85531E+03 d  1.15741E-02 d    3 guilty:sigfh     
>>>FRED BASE IRRAD  1.85647E+03 d  1.15741E-02 d    4 guilty:sigfh     
>>>FRED BASE IRRAD  1.85763E+03 d  1.15741E-02 d    3 guilty:sigh      
>>>FRED BASE IRRAD  1.85878E+03 d  1.15741E-02 d    3 guilty:sigfh     
>>>FRED BASE IRRAD  1.85994E+03 d  1.15741E-02 d    3 guilty:sigfr     
>>>FRED BASE IRRAD  1.86110E+03 d  1.15741E-02 d    3 guilty:sigfr     
>>>FRED BASE IRRAD  1.86226E+03 d  1.15741E-02 d    4 guilty:sigh      
>>>FRED BASE IRRAD  1.86341E+03 d  1.15741E-02 d    3 guilty:sigfh     
>>>FRED BASE IRRAD  1.86457E+03 d  1.15741E-02 d    3 guilty:sigfh     
>>>FRED BASE IRRAD  1.86573E+03 d  1.15741E-02 d    4 guilty:sigh      
>>>FRED BASE IRRAD  1.86689E+03 d  1.15741E-02 d    4 guilty:sigh      
>>>FRED BASE IRRAD  1.86804E+03 d  1.15741E-02 d    4 guilty:sigfh     
>>>FRED BASE IRRAD  1.86920E+03 d  1.15741E-02 d    4 guilty:sigfh     
>>>FRED BASE IRRAD  1.87036E+03 d  1.15741E-02 d    5 guilty:sigh      
>>>FRED BASE IRRAD  1.87152E+03 d  1.15741E-02 d    4 guilty:sigfh     
>>>FRED BASE IRRAD  1.87267E+03 d  1.15741E-02 d    4 guilty:sigfh     
>>>FRED BASE IRRAD  1.87383E+03 d  1.15741E-02 d    4 guilty:sigfh     
>>>FRED BASE IRRAD  1.87499E+03 d  1.15741E-02 d    4 guilty:sigh      
>>>FRED BASE IRRAD  1.87615E+03 d  1.15741E-02 d    4 guilty:sigfh     
>>>FRED BASE IRRAD  1.87730E+03 d  1.15741E-02 d    3 guilty:sigh      
>>>FRED BASE IRRAD  1.87846E+03 d  1.15741E-02 d    3 guilty:sigfh     
>>>FRED BASE IRRAD  1.87962E+03 d  1.15741E-02 d    3 guilty:sigfh     
>>>FRED BASE IRRAD  1.88078E+03 d  1.15741E-02 d    3 guilty:sigfh     
>>>FRED BASE IRRAD  1.88193E+03 d  1.15741E-02 d    4 guilty:sigfh     
>>>FRED BASE IRRAD  1.88309E+03 d  1.15741E-02 d    4 guilty:sigh      
>>>FRED BASE IRRAD  1.88425E+03 d  1.15741E-02 d    3 guilty:sigfh     
>>>FRED BASE IRRAD  1.88541E+03 d  1.15741E-02 d    3 guilty:sigh      
>>>FRED BASE IRRAD  1.88656E+03 d  1.15741E-02 d    3 guilty:sigfh     
>>>FRED BASE IRRAD  1.88772E+03 d  1.15741E-02 d    4 guilty:sigfh     
>>>FRED BASE IRRAD  1.88888E+03 d  1.15741E-02 d    4 guilty:sigfh     
>>>FRED BASE IRRAD  1.89003E+03 d  1.15741E-02 d    3 guilty:sigfh     
>>>FRED BASE IRRAD  1.89119E+03 d  1.15741E-02 d    4 guilty:sigh      
>>>FRED BASE IRRAD  1.89235E+03 d  1.15741E-02 d    4 guilty:sigfh     
>>>FRED BASE IRRAD  1.89351E+03 d  1.15741E-02 d    4 guilty:sigfh     
>>>FRED BASE IRRAD  1.89466E+03 d  1.15741E-02 d    4 guilty:sigfh     
>>>FRED BASE IRRAD  1.89582E+03 d  1.15741E-02 d    4 guilty:sigfh     
>>>FRED BASE IRRAD  1.89698E+03 d  1.15741E-02 d    4 guilty:sigfh     
>>>FRED BASE IRRAD  1.89814E+03 d  1.15741E-02 d    5 guilty:sigfh     
>>>FRED BASE IRRAD  1.89929E+03 d  1.15741E-02 d    5 guilty:sigfh     
>>>FRED BASE IRRAD  1.90045E+03 d  1.15741E-02 d    6 guilty:sigfh     
>>>FRED BASE IRRAD  1.90161E+03 d  1.15741E-02 d    5 guilty:sigfh     
>>>FRED BASE IRRAD  1.90277E+03 d  1.15741E-02 d    4 guilty:sigfh     
>>>FRED BASE IRRAD  1.90392E+03 d  1.15741E-02 d    3 guilty:sigfh     
>>>FRED BASE IRRAD  1.90508E+03 d  1.15741E-02 d    3 guilty:sigfh     
>>>FRED BASE IRRAD  1.90624E+03 d  1.15741E-02 d    5 guilty:sigfh     
>>>FRED BASE IRRAD  1.90740E+03 d  1.15741E-02 d    3 guilty:sigfh     
>>>FRED BASE IRRAD  1.90855E+03 d  1.15741E-02 d    3 guilty:sigfh     
>>>FRED BASE IRRAD  1.90971E+03 d  1.15741E-02 d    4 guilty:sigfh     
>>>FRED BASE IRRAD  1.91087E+03 d  1.15741E-02 d    3 guilty:sigh      
>>>FRED BASE IRRAD  1.91203E+03 d  1.15741E-02 d    4 guilty:sigfh     
>>>FRED BASE IRRAD  1.91318E+03 d  1.15741E-02 d    3 guilty:sigh      
>>>FRED BASE IRRAD  1.91434E+03 d  1.15741E-02 d    4 guilty:sigfh     
>>>FRED BASE IRRAD  1.91550E+03 d  1.15741E-02 d    4 guilty:sigh      
>>>FRED BASE IRRAD  1.91666E+03 d  1.15741E-02 d    3 guilty:sigfh     
>>>FRED BASE IRRAD  1.91781E+03 d  1.15741E-02 d    3 guilty:sigh      
>>>FRED BASE IRRAD  1.91897E+03 d  1.15741E-02 d    5 guilty:sigfh     
>>>FRED BASE IRRAD  1.92013E+03 d  1.15741E-02 d    4 guilty:sigfh     
>>>FRED BASE IRRAD  1.92128E+03 d  1.15741E-02 d    3 guilty:sigh      
>>>FRED BASE IRRAD  1.92244E+03 d  1.15741E-02 d    3 guilty:sigfr     
>>>FRED BASE IRRAD  1.92360E+03 d  1.15741E-02 d    3 guilty:sigh      
>>>FRED BASE IRRAD  1.92476E+03 d  1.15741E-02 d    3 guilty:sigfr     
>>>FRED BASE IRRAD  1.92591E+03 d  1.15741E-02 d    3 guilty:sigfr     
>>>FRED BASE IRRAD  1.92707E+03 d  1.15741E-02 d    3 guilty:sigh      
>>>FRED BASE IRRAD  1.92823E+03 d  1.15741E-02 d    3 guilty:sigfr     
>>>FRED BASE IRRAD  1.92939E+03 d  1.15741E-02 d    3 guilty:sigh      
>>>FRED BASE IRRAD  1.93054E+03 d  1.15741E-02 d    3 guilty:sigh      
>>>FRED BASE IRRAD  1.93170E+03 d  1.15741E-02 d    4 guilty:sigh      
>>>FRED BASE IRRAD  1.93286E+03 d  1.15741E-02 d    4 guilty:sigfr     
>>>FRED BASE IRRAD  1.93402E+03 d  1.15741E-02 d    4 guilty:sigfr     
>>>FRED BASE IRRAD  1.93517E+03 d  1.15741E-02 d    5 guilty:sigfr     
>>>FRED BASE IRRAD  1.93633E+03 d  1.15741E-02 d    4 guilty:sigh      
>>>FRED BASE IRRAD  1.93749E+03 d  1.15741E-02 d    4 guilty:sigh      
>>>FRED BASE IRRAD  1.93865E+03 d  1.15741E-02 d    3 guilty:sigfr     
>>>FRED BASE IRRAD  1.93980E+03 d  1.15741E-02 d    3 guilty:sigfr     
>>>FRED BASE IRRAD  1.94096E+03 d  1.15741E-02 d    3 guilty:sigh      
>>>FRED BASE IRRAD  1.94212E+03 d  1.15741E-02 d    3 guilty:sigh      
>>>FRED BASE IRRAD  1.94328E+03 d  1.15741E-02 d    4 guilty:sigh      
>>>FRED BASE IRRAD  1.94443E+03 d  1.15741E-02 d    4 guilty:sigfh     
>>>FRED BASE IRRAD  1.94559E+03 d  1.15741E-02 d    3 guilty:sigfh     
>>>FRED BASE IRRAD  1.94675E+03 d  1.15741E-02 d    3 guilty:sigh      
>>>FRED BASE IRRAD  1.94791E+03 d  1.15741E-02 d    4 guilty:sigh      
>>>FRED BASE IRRAD  1.94906E+03 d  1.15741E-02 d    4 guilty:sigh      
>>>FRED BASE IRRAD  1.95022E+03 d  1.15741E-02 d    4 guilty:sigfh     
>>>FRED BASE IRRAD  1.95138E+03 d  1.15741E-02 d    4 guilty:sigh      
>>>FRED BASE IRRAD  1.95253E+03 d  1.15741E-02 d    4 guilty:sigh      
>>>FRED BASE IRRAD  1.95369E+03 d  1.15741E-02 d    4 guilty:sigh      
>>>FRED BASE IRRAD  1.95485E+03 d  1.15741E-02 d    4 guilty:sigfh     
>>>FRED BASE IRRAD  1.95601E+03 d  1.15741E-02 d    4 guilty:sigfh     
>>>FRED BASE IRRAD  1.95716E+03 d  1.15741E-02 d    3 guilty:sigh      
>>>FRED BASE IRRAD  1.95832E+03 d  1.15741E-02 d    4 guilty:sigfh     
>>>FRED BASE IRRAD  1.95948E+03 d  1.15741E-02 d    4 guilty:sigfh     
>>>FRED BASE IRRAD  1.96064E+03 d  1.15741E-02 d    3 guilty:sigh      
>>>FRED BASE IRRAD  1.96179E+03 d  1.15741E-02 d    3 guilty:sigfh     
>>>FRED BASE IRRAD  1.96295E+03 d  1.15741E-02 d    3 guilty:sigfh     
>>>FRED BASE IRRAD  1.96411E+03 d  1.15741E-02 d    3 guilty:sigh      
>>>FRED BASE IRRAD  1.96527E+03 d  1.15741E-02 d    4 guilty:sigfz     
>>>FRED BASE IRRAD  1.96642E+03 d  1.15741E-02 d    4 guilty:sigh      
>>>FRED BASE IRRAD  1.96758E+03 d  1.15741E-02 d    3 guilty:sigfh     
>>>FRED BASE IRRAD  1.96874E+03 d  1.15741E-02 d    4 guilty:sigh      
>>>FRED BASE IRRAD  1.96990E+03 d  1.15741E-02 d    3 guilty:sigfh     
>>>FRED BASE IRRAD  1.97105E+03 d  1.15741E-02 d    3 guilty:sigfh     
>>>FRED BASE IRRAD  1.97221E+03 d  1.15741E-02 d    4 guilty:sigfh     
>>>FRED BASE IRRAD  1.97337E+03 d  1.15741E-02 d    4 guilty:sigfh     
>>>FRED BASE IRRAD  1.97453E+03 d  1.15741E-02 d    3 guilty:sigh      
>>>FRED BASE IRRAD  1.97568E+03 d  1.15741E-02 d    3 guilty:sigh      
>>>FRED BASE IRRAD  1.97684E+03 d  1.15741E-02 d    4 guilty:sigh      
>>>FRED BASE IRRAD  1.97800E+03 d  1.15741E-02 d    3 guilty:sigh      
>>>FRED BASE IRRAD  1.97916E+03 d  1.15741E-02 d    3 guilty:sigh      
>>>FRED BASE IRRAD  1.98031E+03 d  1.15741E-02 d    3 guilty:sigh      
>>>FRED BASE IRRAD  1.98147E+03 d  1.15741E-02 d    4 guilty:sigh      
>>>FRED BASE IRRAD  1.98263E+03 d  1.15741E-02 d    3 guilty:sigh      
>>>FRED BASE IRRAD  1.98378E+03 d  1.15741E-02 d    4 guilty:sigfh     
>>>FRED BASE IRRAD  1.98494E+03 d  1.15741E-02 d    4 guilty:sigfh     
>>>FRED BASE IRRAD  1.98610E+03 d  1.15741E-02 d    4 guilty:sigh      
>>>FRED BASE IRRAD  1.98726E+03 d  1.15741E-02 d    3 guilty:sigh      
>>>FRED BASE IRRAD  1.98841E+03 d  1.15741E-02 d    3 guilty:sigh      
>>>FRED BASE IRRAD  1.98957E+03 d  1.15741E-02 d    4 guilty:sigh      
>>>FRED BASE IRRAD  1.99073E+03 d  1.15741E-02 d    4 guilty:sigh      
>>>FRED BASE IRRAD  1.99189E+03 d  1.15741E-02 d    4 guilty:sigh      
>>>FRED BASE IRRAD  1.99304E+03 d  1.15741E-02 d    3 guilty:sigfr     
>>>FRED BASE IRRAD  1.99420E+03 d  1.15741E-02 d    3 guilty:sigfh     
>>>FRED BASE IRRAD  1.99536E+03 d  1.15741E-02 d    4 guilty:sigfh     
>>>FRED BASE IRRAD  1.99652E+03 d  1.15741E-02 d    4 guilty:sigfh     
>>>FRED BASE IRRAD  1.99767E+03 d  1.15741E-02 d    4 guilty:sigfh     
>>>FRED BASE IRRAD  1.99883E+03 d  1.15741E-02 d    3 guilty:sigfr     
>>>FRED BASE IRRAD  1.99999E+03 d  1.15741E-02 d    3 guilty:sigfr     
>>>FRED BASE IRRAD  2.00115E+03 d  1.15741E-02 d    3 guilty:sigh      
>>>FRED BASE IRRAD  2.00230E+03 d  1.15741E-02 d    4 guilty:sigh      
>>>FRED BASE IRRAD  2.00346E+03 d  1.15741E-02 d    4 guilty:sigfh     
>>>FRED BASE IRRAD  2.00462E+03 d  1.15741E-02 d    4 guilty:sigh      
>>>FRED BASE IRRAD  2.00578E+03 d  1.15741E-02 d    4 guilty:sigh      
>>>FRED BASE IRRAD  2.00693E+03 d  1.15741E-02 d    4 guilty:sigfh     
>>>FRED BASE IRRAD  2.00809E+03 d  1.15741E-02 d    4 guilty:sigfr     
>>>FRED BASE IRRAD  2.00925E+03 d  1.15741E-02 d    5 guilty:sigfh     
>>>FRED BASE IRRAD  2.01041E+03 d  1.15741E-02 d    3 guilty:sigh      
>>>FRED BASE IRRAD  2.01156E+03 d  1.15741E-02 d    4 guilty:sigh      
>>>FRED BASE IRRAD  2.01272E+03 d  1.15741E-02 d    4 guilty:sigh      
>>>FRED BASE IRRAD  2.01388E+03 d  1.15741E-02 d    4 guilty:sigfr     
>>>FRED BASE IRRAD  2.01503E+03 d  1.15741E-02 d    4 guilty:sigh      
>>>FRED BASE IRRAD  2.01619E+03 d  1.15741E-02 d    3 guilty:sigfr     
>>>FRED BASE IRRAD  2.01735E+03 d  1.15741E-02 d    7 guilty:sigfr     
>>>FRED BASE IRRAD  2.01851E+03 d  1.15741E-02 d    4 guilty:sigfh     
>>>FRED BASE IRRAD  2.01966E+03 d  1.15741E-02 d    5 guilty:sigfr     
>>>FRED BASE IRRAD  2.02082E+03 d  1.15741E-02 d    4 guilty:sigh      
>>>FRED BASE IRRAD  2.02198E+03 d  1.15741E-02 d    4 guilty:sigfh     
>>>FRED BASE IRRAD  2.02314E+03 d  1.15741E-02 d    3 guilty:sigfr     
>>>FRED BASE IRRAD  2.02429E+03 d  1.15741E-02 d    4 guilty:sigh      
>>>FRED BASE IRRAD  2.02545E+03 d  1.15741E-02 d    3 guilty:sigfr     
>>>FRED BASE IRRAD  2.02661E+03 d  1.15741E-02 d    4 guilty:sigh      
>>>FRED BASE IRRAD  2.02777E+03 d  1.15741E-02 d    4 guilty:sigh      
>>>FRED BASE IRRAD  2.02892E+03 d  1.15741E-02 d    3 guilty:sigh      
>>>FRED BASE IRRAD  2.03008E+03 d  1.15741E-02 d    5 guilty:sigfz     
>>>FRED BASE IRRAD  2.03124E+03 d  1.15741E-02 d    4 guilty:sigfz     
>>>FRED BASE IRRAD  2.03240E+03 d  1.15741E-02 d    4 guilty:sigfr     
>>>FRED BASE IRRAD  2.03355E+03 d  1.15741E-02 d    3 guilty:sigh      
>>>FRED BASE IRRAD  2.03471E+03 d  1.15741E-02 d    4 guilty:sigfz     
>>>FRED BASE IRRAD  2.03587E+03 d  1.15741E-02 d    4 guilty:sigfh     
>>>FRED BASE IRRAD  2.03703E+03 d  1.15741E-02 d    4 guilty:sigfz     
>>>FRED BASE IRRAD  2.03818E+03 d  1.15741E-02 d    3 guilty:sigfz     
>>>FRED BASE IRRAD  2.03934E+03 d  1.15741E-02 d    3 guilty:sigfr     
>>>FRED BASE IRRAD  2.04050E+03 d  1.15741E-02 d    4 guilty:sigfh     
>>>FRED BASE IRRAD  2.04166E+03 d  1.15741E-02 d    3 guilty:sigz      
>>>FRED BASE IRRAD  2.04281E+03 d  1.15741E-02 d    3 guilty:sigz      
>>>FRED BASE IRRAD  2.04397E+03 d  1.15741E-02 d    3 guilty:sigh      
>>>FRED BASE IRRAD  2.04513E+03 d  1.15741E-02 d    4 guilty:sigfr     
>>>FRED BASE IRRAD  2.04628E+03 d  1.15741E-02 d    4 guilty:sigh      
>>>FRED BASE IRRAD  2.04744E+03 d  1.15741E-02 d    3 guilty:sigh      
>>>FRED BASE IRRAD  2.04860E+03 d  1.15741E-02 d    3 guilty:sigh      
>>>FRED BASE IRRAD  2.04976E+03 d  1.15741E-02 d    3 guilty:sigh      
>>>FRED BASE IRRAD  2.05091E+03 d  1.15741E-02 d    3 guilty:sigfh     
>>>FRED BASE IRRAD  2.05207E+03 d  1.15741E-02 d    3 guilty:sigfh     
>>>FRED BASE IRRAD  2.05323E+03 d  1.15741E-02 d    3 guilty:sigz      
>>>FRED BASE IRRAD  2.05439E+03 d  1.15741E-02 d    4 guilty:sigh      
>>>FRED BASE IRRAD  2.05554E+03 d  1.15741E-02 d    4 guilty:sigfh     
>>>FRED BASE IRRAD  2.05670E+03 d  1.15741E-02 d    3 guilty:sigh      
>>>FRED BASE IRRAD  2.05786E+03 d  1.15741E-02 d    4 guilty:sigh      
>>>FRED BASE IRRAD  2.05902E+03 d  1.15741E-02 d    3 guilty:sigh      
>>>FRED BASE IRRAD  2.06017E+03 d  1.15741E-02 d    4 guilty:sigh      
>>>FRED BASE IRRAD  2.06133E+03 d  1.15741E-02 d    4 guilty:sigfh     
>>>FRED BASE IRRAD  2.06249E+03 d  1.15741E-02 d    3 guilty:sigh      
>>>FRED BASE IRRAD  2.06365E+03 d  1.15741E-02 d    4 guilty:sigh      
>>>FRED BASE IRRAD  2.06480E+03 d  1.15741E-02 d    4 guilty:sigfh     
>>>FRED BASE IRRAD  2.06596E+03 d  1.15741E-02 d    3 guilty:sigh      
>>>FRED BASE IRRAD  2.06712E+03 d  1.15741E-02 d    4 guilty:sigfh     
>>>FRED BASE IRRAD  2.06828E+03 d  1.15741E-02 d    4 guilty:sigfh     
>>>FRED BASE IRRAD  2.06943E+03 d  1.15741E-02 d    3 guilty:sigfh     
>>>FRED BASE IRRAD  2.07059E+03 d  1.15741E-02 d    4 guilty:sigh      
>>>FRED BASE IRRAD  2.07175E+03 d  1.15741E-02 d    5 guilty:sigfh     
>>>FRED BASE IRRAD  2.07291E+03 d  1.15741E-02 d    5 guilty:sigfh     
>>>FRED BASE IRRAD  2.07406E+03 d  1.15741E-02 d    4 guilty:sigfh     
>>>FRED BASE IRRAD  2.07522E+03 d  1.15741E-02 d    4 guilty:sigfh     
>>>FRED BASE IRRAD  2.07638E+03 d  1.15741E-02 d    4 guilty:sigfh     
>>>FRED BASE IRRAD  2.07753E+03 d  1.15741E-02 d    3 guilty:sigh      
>>>FRED BASE IRRAD  2.07869E+03 d  1.15741E-02 d    4 guilty:sigfh     
>>>FRED BASE IRRAD  2.07985E+03 d  1.15741E-02 d    4 guilty:sigfh     
>>>FRED BASE IRRAD  2.08101E+03 d  1.15741E-02 d    4 guilty:sigh      
>>>FRED BASE IRRAD  2.08216E+03 d  1.15741E-02 d    5 guilty:sigfh     
>>>FRED BASE IRRAD  2.08332E+03 d  1.15741E-02 d    4 guilty:sigfr     
>>>FRED BASE IRRAD  2.08448E+03 d  1.15741E-02 d    4 guilty:sigfh     
>>>FRED BASE IRRAD  2.08564E+03 d  1.15741E-02 d    5 guilty:sigfh     
>>>FRED BASE IRRAD  2.08679E+03 d  1.15741E-02 d    3 guilty:sigfr     
>>>FRED BASE IRRAD  2.08795E+03 d  1.15741E-02 d    4 guilty:sigfr     
>>>FRED BASE IRRAD  2.08911E+03 d  1.15741E-02 d    3 guilty:sigh      
>>>FRED BASE IRRAD  2.09027E+03 d  1.15741E-02 d    4 guilty:sigh      
>>>FRED BASE IRRAD  2.09142E+03 d  1.15741E-02 d    5 guilty:sigfh     
>>>FRED BASE IRRAD  2.09258E+03 d  1.15741E-02 d    4 guilty:sigh      
>>>FRED BASE IRRAD  2.09374E+03 d  1.15741E-02 d    4 guilty:sigh      
>>>FRED BASE IRRAD  2.09490E+03 d  1.15741E-02 d    3 guilty:sigfr     
>>>FRED BASE IRRAD  2.09605E+03 d  1.15741E-02 d    3 guilty:sigfh     
>>>FRED BASE IRRAD  2.09721E+03 d  1.15741E-02 d    3 guilty:sigh      
>>>FRED BASE IRRAD  2.09837E+03 d  1.15741E-02 d    4 guilty:sigfh     
>>>FRED BASE IRRAD  2.09953E+03 d  1.15741E-02 d    4 guilty:sigh      
>>>FRED BASE IRRAD  2.10068E+03 d  1.15741E-02 d    3 guilty:sigfh     
>>>FRED BASE IRRAD  2.10184E+03 d  1.15741E-02 d    3 guilty:sigfh     
>>>FRED BASE IRRAD  2.10300E+03 d  1.15741E-02 d    4 guilty:sigh      
>>>FRED BASE IRRAD  2.10416E+03 d  1.15741E-02 d    4 guilty:sigh      
>>>FRED BASE IRRAD  2.10531E+03 d  1.15741E-02 d    4 guilty:sigh      
>>>FRED BASE IRRAD  2.10647E+03 d  1.15741E-02 d    4 guilty:sigh      
>>>FRED BASE IRRAD  2.10763E+03 d  1.15741E-02 d    4 guilty:sigh      
>>>FRED BASE IRRAD  2.10878E+03 d  1.15741E-02 d    4 guilty:sigfh     
>>>FRED BASE IRRAD  2.10994E+03 d  1.15741E-02 d    5 guilty:sigfh     
>>>FRED BASE IRRAD  2.11110E+03 d  1.15741E-02 d    3 guilty:sigfh     
>>>FRED BASE IRRAD  2.11226E+03 d  1.15741E-02 d    3 guilty:sigh      
>>>FRED BASE IRRAD  2.11341E+03 d  1.15741E-02 d    3 guilty:sigh      
>>>FRED BASE IRRAD  2.11457E+03 d  1.15741E-02 d    4 guilty:sigfh     
>>>FRED BASE IRRAD  2.11573E+03 d  1.15741E-02 d    4 guilty:sigfh     
>>>FRED BASE IRRAD  2.11689E+03 d  1.15741E-02 d    4 guilty:sigh      
>>>FRED BASE IRRAD  2.11804E+03 d  1.15741E-02 d    3 guilty:sigh      
>>>FRED BASE IRRAD  2.11920E+03 d  1.15741E-02 d    3 guilty:sigh      
>>>FRED BASE IRRAD  2.12036E+03 d  1.15741E-02 d    3 guilty:sigh      
>>>FRED BASE IRRAD  2.12152E+03 d  1.15741E-02 d    3 guilty:sigh      
>>>FRED BASE IRRAD  2.12267E+03 d  1.15741E-02 d    3 guilty:sigh      
>>>FRED BASE IRRAD  2.12383E+03 d  1.15741E-02 d    4 guilty:sigh      
>>>FRED BASE IRRAD  2.12499E+03 d  1.15741E-02 d    3 guilty:sigfh     
>>>FRED BASE IRRAD  2.12615E+03 d  1.15741E-02 d    3 guilty:sigfh     
>>>FRED BASE IRRAD  2.12730E+03 d  1.15741E-02 d    3 guilty:sigh      
>>>FRED BASE IRRAD  2.12846E+03 d  1.15741E-02 d    3 guilty:sigfh     
>>>FRED BASE IRRAD  2.12962E+03 d  1.15741E-02 d    3 guilty:sigfh     
>>>FRED BASE IRRAD  2.13078E+03 d  1.15741E-02 d    3 guilty:sigh      
>>>FRED BASE IRRAD  2.13193E+03 d  1.15741E-02 d    3 guilty:sigfh     
>>>FRED BASE IRRAD  2.13309E+03 d  1.15741E-02 d    3 guilty:sigh      
>>>FRED BASE IRRAD  2.13425E+03 d  1.15741E-02 d    4 guilty:sigh      
>>>FRED BASE IRRAD  2.13541E+03 d  1.15741E-02 d    3 guilty:sigfh     
>>>FRED BASE IRRAD  2.13656E+03 d  1.15741E-02 d    3 guilty:sigh      
>>>FRED BASE IRRAD  2.13772E+03 d  1.15741E-02 d    3 guilty:sigh      
>>>FRED BASE IRRAD  2.13888E+03 d  1.15741E-02 d    4 guilty:sigh      
>>>FRED BASE IRRAD  2.14003E+03 d  1.15741E-02 d    3 guilty:sigfh     
>>>FRED BASE IRRAD  2.14119E+03 d  1.15741E-02 d    3 guilty:sigh      
>>>FRED BASE IRRAD  2.14235E+03 d  1.15741E-02 d    4 guilty:sigh      
>>>FRED BASE IRRAD  2.14351E+03 d  1.15741E-02 d    4 guilty:sigh      
>>>FRED BASE IRRAD  2.14466E+03 d  1.15741E-02 d    4 guilty:sigfr     
>>>FRED BASE IRRAD  2.14582E+03 d  1.15741E-02 d    4 guilty:sigh      
>>>FRED BASE IRRAD  2.14698E+03 d  1.15741E-02 d    4 guilty:sigfr     
>>>FRED BASE IRRAD  2.14814E+03 d  1.15741E-02 d    5 guilty:sigfh     
>>>FRED BASE IRRAD  2.14929E+03 d  1.15741E-02 d    4 guilty:sigfh     
>>>FRED BASE IRRAD  2.15045E+03 d  1.15741E-02 d    4 guilty:sigfh     
>>>FRED BASE IRRAD  2.15161E+03 d  1.15741E-02 d    4 guilty:sigfh     
>>>FRED BASE IRRAD  2.15277E+03 d  1.15741E-02 d    4 guilty:sigh      
>>>FRED BASE IRRAD  2.15392E+03 d  1.15741E-02 d    4 guilty:sigh      
>>>FRED BASE IRRAD  2.15508E+03 d  1.15741E-02 d    4 guilty:sigh      
>>>FRED BASE IRRAD  2.15624E+03 d  1.15741E-02 d    4 guilty:sigfh     
>>>FRED BASE IRRAD  2.15740E+03 d  1.15741E-02 d    3 guilty:sigh      
>>>FRED BASE IRRAD  2.15855E+03 d  1.15741E-02 d    4 guilty:sigh      
>>>FRED BASE IRRAD  2.15971E+03 d  1.15741E-02 d    3 guilty:sigh      
>>>FRED BASE IRRAD  2.16087E+03 d  1.15741E-02 d    4 guilty:sigh      
>>>FRED BASE IRRAD  2.16203E+03 d  1.15741E-02 d    3 guilty:sigh      
>>>FRED BASE IRRAD  2.16318E+03 d  1.15741E-02 d    4 guilty:sigh      
>>>FRED BASE IRRAD  2.16434E+03 d  1.15741E-02 d    4 guilty:sigfh     
>>>FRED BASE IRRAD  2.16550E+03 d  1.15741E-02 d    4 guilty:sigh      
>>>FRED BASE IRRAD  2.16666E+03 d  1.15741E-02 d    3 guilty:sigfh     
>>>FRED BASE IRRAD  2.16781E+03 d  1.15741E-02 d    4 guilty:sigh      
>>>FRED BASE IRRAD  2.16897E+03 d  1.15741E-02 d    4 guilty:sigh      
>>>FRED BASE IRRAD  2.17013E+03 d  1.15741E-02 d    4 guilty:sigh      
>>>FRED BASE IRRAD  2.17128E+03 d  1.15741E-02 d    3 guilty:sigfz     
>>>FRED BASE IRRAD  2.17244E+03 d  1.15741E-02 d    3 guilty:sigh      
>>>FRED BASE IRRAD  2.17360E+03 d  1.15741E-02 d    3 guilty:sigh      
>>>FRED BASE IRRAD  2.17476E+03 d  1.15741E-02 d    3 guilty:sigh      
>>>FRED BASE IRRAD  2.17591E+03 d  1.15741E-02 d    3 guilty:sigfh     
